  Determining projects to restore...
  All projects are up-to-date for restore.
  ErpSystem.Shared -> <REPOSITORY>\src\ErpSystem.Shared\bin\Debug\net8.0\ErpSystem.Shared.dll
  ErpSystem.Core -> <REPOSITORY>\src\ErpSystem.Core\bin\Debug\net8.0\ErpSystem.Core.dll
<REPOSITORY>\src\ErpSystem.Data\Repositories\HR\AssetsRepositories.cs(14,43): warning CS8609: Nullability of reference types in return type doesn't match overridden member. [<REPOSITORY>\src\ErpSystem.Data\ErpSystem.Data.csproj]
<REPOSITORY>\src\ErpSystem.Data\Repositories\HR\AssetsRepositories.cs(14,43): warning CS8613: Nullability of reference types in return type of 'Task<AssetType> AssetTypeRepository.GetByIdAsync(Guid id)' doesn't match implicitly implemented member 'Task<AssetType?> IGenericRepository<AssetType>.GetByIdAsync(Guid id)'. [<REPOSITORY>\src\ErpSystem.Data\ErpSystem.Data.csproj]
<REPOSITORY>\src\ErpSystem.Data\Repositories\HR\JobApplicationRepositories.cs(30,48): warning CS8609: Nullability of reference types in return type doesn't match overridden member. [<REPOSITORY>\src\ErpSystem.Data\ErpSystem.Data.csproj]
<REPOSITORY>\src\ErpSystem.Data\Repositories\HR\JobApplicationRepositories.cs(30,48): warning CS8613: Nullability of reference types in return type of 'Task<JobApplication> JobApplicationRepository.GetByIdAsync(Guid id)' doesn't match implicitly implemented member 'Task<JobApplication?> IGenericRepository<JobApplication>.GetByIdAsync(Guid id)'. [<REPOSITORY>\src\ErpSystem.Data\ErpSystem.Data.csproj]
<REPOSITORY>\src\ErpSystem.Data\Repositories\HR\WorkScheduleRepositories.cs(174,53): warning CS0114: 'ShiftDefinitionRepository.GetAllAsync()' hides inherited member 'GenericRepository<ShiftDefinition>.GetAllAsync()'. To make the current member override that implementation, add the override keyword. Otherwise add the new keyword. [<REPOSITORY>\src\ErpSystem.Data\ErpSystem.Data.csproj]
<REPOSITORY>\src\ErpSystem.Data\Caching\QueryResultCachingInterceptor.cs(248,30): warning CS8625: Cannot convert null literal to non-nullable reference type. [<REPOSITORY>\src\ErpSystem.Data\ErpSystem.Data.csproj]
<REPOSITORY>\src\ErpSystem.Data\Configuration\Finance\VendorInvoiceMatchExceptionConfiguration.cs(97,9): warning CS0618: 'RelationalEntityTypeBuilderExtensions.HasCheckConstraint<TEntity>(EntityTypeBuilder<TEntity>, string, string?)' is obsolete: 'Configure this using ToTable(t => t.HasCheckConstraint()) instead.' [<REPOSITORY>\src\ErpSystem.Data\ErpSystem.Data.csproj]
<REPOSITORY>\src\ErpSystem.Data\Configuration\Finance\VendorInvoiceMatchExceptionConfiguration.cs(98,9): warning CS0618: 'RelationalEntityTypeBuilderExtensions.HasCheckConstraint<TEntity>(EntityTypeBuilder<TEntity>, string, string?)' is obsolete: 'Configure this using ToTable(t => t.HasCheckConstraint()) instead.' [<REPOSITORY>\src\ErpSystem.Data\ErpSystem.Data.csproj]
<REPOSITORY>\src\ErpSystem.Data\Configuration\Finance\VendorInvoiceMatchExceptionConfiguration.cs(100,9): warning CS0618: 'RelationalEntityTypeBuilderExtensions.HasCheckConstraint<TEntity>(EntityTypeBuilder<TEntity>, string, string?)' is obsolete: 'Configure this using ToTable(t => t.HasCheckConstraint()) instead.' [<REPOSITORY>\src\ErpSystem.Data\ErpSystem.Data.csproj]
<REPOSITORY>\src\ErpSystem.Data\Configuration\Finance\VendorInvoiceMatchExceptionConfiguration.cs(75,9): warning CS0618: 'RelationalEntityTypeBuilderExtensions.HasCheckConstraint<TEntity>(EntityTypeBuilder<TEntity>, string, string?)' is obsolete: 'Configure this using ToTable(t => t.HasCheckConstraint()) instead.' [<REPOSITORY>\src\ErpSystem.Data\ErpSystem.Data.csproj]
<REPOSITORY>\src\ErpSystem.Data\Configuration\Finance\VendorInvoiceMatchExceptionConfiguration.cs(77,9): warning CS0618: 'RelationalEntityTypeBuilderExtensions.HasCheckConstraint<TEntity>(EntityTypeBuilder<TEntity>, string, string?)' is obsolete: 'Configure this using ToTable(t => t.HasCheckConstraint()) instead.' [<REPOSITORY>\src\ErpSystem.Data\ErpSystem.Data.csproj]
<REPOSITORY>\src\ErpSystem.Data\Configuration\Finance\VendorInvoiceMatchExceptionConfiguration.cs(59,9): warning CS0618: 'RelationalEntityTypeBuilderExtensions.HasCheckConstraint<TEntity>(EntityTypeBuilder<TEntity>, string, string?)' is obsolete: 'Configure this using ToTable(t => t.HasCheckConstraint()) instead.' [<REPOSITORY>\src\ErpSystem.Data\ErpSystem.Data.csproj]
<REPOSITORY>\src\ErpSystem.Data\Repositories\WorkflowStepInstanceRepository.cs(153,37): warning CS8601: Possible null reference assignment. [<REPOSITORY>\src\ErpSystem.Data\ErpSystem.Data.csproj]
<REPOSITORY>\src\ErpSystem.Data\Configuration\Finance\VendorInvoiceMatchExceptionConfiguration.cs(25,9): warning CS0618: 'RelationalEntityTypeBuilderExtensions.HasCheckConstraint<TEntity>(EntityTypeBuilder<TEntity>, string, string?)' is obsolete: 'Configure this using ToTable(t => t.HasCheckConstraint()) instead.' [<REPOSITORY>\src\ErpSystem.Data\ErpSystem.Data.csproj]
<REPOSITORY>\src\ErpSystem.Data\Configuration\Finance\VendorInvoiceMatchExceptionConfiguration.cs(26,9): warning CS0618: 'RelationalEntityTypeBuilderExtensions.HasCheckConstraint<TEntity>(EntityTypeBuilder<TEntity>, string, string?)' is obsolete: 'Configure this using ToTable(t => t.HasCheckConstraint()) instead.' [<REPOSITORY>\src\ErpSystem.Data\ErpSystem.Data.csproj]
<REPOSITORY>\src\ErpSystem.Data\Configuration\Finance\VendorInvoiceMatchExceptionConfiguration.cs(28,9): warning CS0618: 'RelationalEntityTypeBuilderExtensions.HasCheckConstraint<TEntity>(EntityTypeBuilder<TEntity>, string, string?)' is obsolete: 'Configure this using ToTable(t => t.HasCheckConstraint()) instead.' [<REPOSITORY>\src\ErpSystem.Data\ErpSystem.Data.csproj]
<REPOSITORY>\src\ErpSystem.Data\Configuration\Finance\VendorInvoiceMatchExceptionConfiguration.cs(29,9): warning CS0618: 'RelationalEntityTypeBuilderExtensions.HasCheckConstraint<TEntity>(EntityTypeBuilder<TEntity>, string, string?)' is obsolete: 'Configure this using ToTable(t => t.HasCheckConstraint()) instead.' [<REPOSITORY>\src\ErpSystem.Data\ErpSystem.Data.csproj]
<REPOSITORY>\src\ErpSystem.Data\Configuration\Finance\VendorInvoiceMatchExceptionConfiguration.cs(31,9): warning CS0618: 'RelationalEntityTypeBuilderExtensions.HasCheckConstraint<TEntity>(EntityTypeBuilder<TEntity>, string, string?)' is obsolete: 'Configure this using ToTable(t => t.HasCheckConstraint()) instead.' [<REPOSITORY>\src\ErpSystem.Data\ErpSystem.Data.csproj]
<REPOSITORY>\src\ErpSystem.Data\Configuration\Finance\VendorInvoiceMatchExceptionConfiguration.cs(33,9): warning CS0618: 'RelationalEntityTypeBuilderExtensions.HasCheckConstraint<TEntity>(EntityTypeBuilder<TEntity>, string, string?)' is obsolete: 'Configure this using ToTable(t => t.HasCheckConstraint()) instead.' [<REPOSITORY>\src\ErpSystem.Data\ErpSystem.Data.csproj]
<REPOSITORY>\src\ErpSystem.Data\Configuration\Finance\VendorInvoiceMatchExceptionConfiguration.cs(35,9): warning CS0618: 'RelationalEntityTypeBuilderExtensions.HasCheckConstraint<TEntity>(EntityTypeBuilder<TEntity>, string, string?)' is obsolete: 'Configure this using ToTable(t => t.HasCheckConstraint()) instead.' [<REPOSITORY>\src\ErpSystem.Data\ErpSystem.Data.csproj]
<REPOSITORY>\src\ErpSystem.Data\Configuration\Finance\VendorInvoiceMatchExceptionConfiguration.cs(37,9): warning CS0618: 'RelationalEntityTypeBuilderExtensions.HasCheckConstraint<TEntity>(EntityTypeBuilder<TEntity>, string, string?)' is obsolete: 'Configure this using ToTable(t => t.HasCheckConstraint()) instead.' [<REPOSITORY>\src\ErpSystem.Data\ErpSystem.Data.csproj]
<REPOSITORY>\src\ErpSystem.Data\Services\UserSessionService.cs(112,20): warning CS8603: Possible null reference return. [<REPOSITORY>\src\ErpSystem.Data\ErpSystem.Data.csproj]
<REPOSITORY>\src\ErpSystem.Data\Services\UserSessionService.cs(267,24): warning CS8603: Possible null reference return. [<REPOSITORY>\src\ErpSystem.Data\ErpSystem.Data.csproj]
<REPOSITORY>\src\ErpSystem.Data\Services\CivilEngineeringDirectTaskService.cs(463,40): warning CS8629: Nullable value type may be null. [<REPOSITORY>\src\ErpSystem.Data\ErpSystem.Data.csproj]
<REPOSITORY>\src\ErpSystem.Data\Repositories\HR\AssetsRepositories.cs(16,16): warning CS8603: Possible null reference return. [<REPOSITORY>\src\ErpSystem.Data\ErpSystem.Data.csproj]
<REPOSITORY>\src\ErpSystem.Data\Repositories\NotificationRepository.cs(78,30): warning CS0168: The variable 'ex' is declared but never used [<REPOSITORY>\src\ErpSystem.Data\ErpSystem.Data.csproj]
<REPOSITORY>\src\ErpSystem.Data\Repositories\Maintenance\WorkOrderManagementRepositories.cs(18,59): warning CS8602: Dereference of a possibly null reference. [<REPOSITORY>\src\ErpSystem.Data\ErpSystem.Data.csproj]
<REPOSITORY>\src\ErpSystem.Data\Repositories\Inventory\InventoryRepositories.cs(374,35): warning CS8602: Dereference of a possibly null reference. [<REPOSITORY>\src\ErpSystem.Data\ErpSystem.Data.csproj]
<REPOSITORY>\src\ErpSystem.Data\Services\CivilEngineeringDesignService.cs(1211,21): warning CS8601: Possible null reference assignment. [<REPOSITORY>\src\ErpSystem.Data\ErpSystem.Data.csproj]
<REPOSITORY>\src\ErpSystem.Data\Repositories\Pricing\PriceListRepositories.cs(268,23): warning CS1998: This async method lacks 'await' operators and will run synchronously. Consider using the 'await' operator to await non-blocking API calls, or 'await Task.Run(...)' to do CPU-bound work on a background thread. [<REPOSITORY>\src\ErpSystem.Data\ErpSystem.Data.csproj]
<REPOSITORY>\src\ErpSystem.Data\Repositories\Maintenance\JobCardRepository.cs(86,41): warning CS8602: Dereference of a possibly null reference. [<REPOSITORY>\src\ErpSystem.Data\ErpSystem.Data.csproj]
<REPOSITORY>\src\ErpSystem.Data\Repositories\Maintenance\JobCardRepository.cs(186,33): warning CS8601: Possible null reference assignment. [<REPOSITORY>\src\ErpSystem.Data\ErpSystem.Data.csproj]
<REPOSITORY>\src\ErpSystem.Data\Repositories\Procurement\BusinessPartnerRepositories3.cs(253,17): warning CS8602: Dereference of a possibly null reference. [<REPOSITORY>\src\ErpSystem.Data\ErpSystem.Data.csproj]
<REPOSITORY>\src\ErpSystem.Data\Services\CivilEngineeringSiteInstructionService.cs(187,53): warning CS8602: Dereference of a possibly null reference. [<REPOSITORY>\src\ErpSystem.Data\ErpSystem.Data.csproj]
<REPOSITORY>\src\ErpSystem.Data\Services\CivilEngineeringDesignService.Documents.cs(555,25): warning CS8601: Possible null reference assignment. [<REPOSITORY>\src\ErpSystem.Data\ErpSystem.Data.csproj]
<REPOSITORY>\src\ErpSystem.Data\Services\CivilEngineeringSiteInstructionService.cs(226,55): warning CS8602: Dereference of a possibly null reference. [<REPOSITORY>\src\ErpSystem.Data\ErpSystem.Data.csproj]
<REPOSITORY>\src\ErpSystem.Data\Services\CivilEngineeringSiteInstructionService.cs(276,50): warning CS8602: Dereference of a possibly null reference. [<REPOSITORY>\src\ErpSystem.Data\ErpSystem.Data.csproj]
<REPOSITORY>\src\ErpSystem.Data\Services\CivilEngineeringSiteInstructionService.cs(326,98): warning CS8602: Dereference of a possibly null reference. [<REPOSITORY>\src\ErpSystem.Data\ErpSystem.Data.csproj]
<REPOSITORY>\src\ErpSystem.Data\Configuration\Procurement\ProcurementWorksCloseoutConfiguration.cs(112,9): warning CS0618: 'RelationalEntityTypeBuilderExtensions.HasCheckConstraint<TEntity>(EntityTypeBuilder<TEntity>, string, string?)' is obsolete: 'Configure this using ToTable(t => t.HasCheckConstraint()) instead.' [<REPOSITORY>\src\ErpSystem.Data\ErpSystem.Data.csproj]
<REPOSITORY>\src\ErpSystem.Data\Configuration\Procurement\ProcurementWorksCloseoutConfiguration.cs(114,9): warning CS0618: 'RelationalEntityTypeBuilderExtensions.HasCheckConstraint<TEntity>(EntityTypeBuilder<TEntity>, string, string?)' is obsolete: 'Configure this using ToTable(t => t.HasCheckConstraint()) instead.' [<REPOSITORY>\src\ErpSystem.Data\ErpSystem.Data.csproj]
<REPOSITORY>\src\ErpSystem.Data\Services\QuantitySurveyRateLibraryService.cs(599,15): warning CS8619: Nullability of reference types in value of type '<anonymous type: object PreviousRate, QuantitySurveyMarketSurveySourceDto Survey, QuantitySurveyMarketSurveyPriceBasis PriceBasis>' doesn't match target type '<anonymous type: object? PreviousRate, QuantitySurveyMarketSurveySourceDto Survey, QuantitySurveyMarketSurveyPriceBasis PriceBasis>'. [<REPOSITORY>\src\ErpSystem.Data\ErpSystem.Data.csproj]
<REPOSITORY>\src\ErpSystem.Data\Configuration\Procurement\ProcurementWorksCloseoutConfiguration.cs(52,9): warning CS0618: 'RelationalEntityTypeBuilderExtensions.HasCheckConstraint<TEntity>(EntityTypeBuilder<TEntity>, string, string?)' is obsolete: 'Configure this using ToTable(t => t.HasCheckConstraint()) instead.' [<REPOSITORY>\src\ErpSystem.Data\ErpSystem.Data.csproj]
<REPOSITORY>\src\ErpSystem.Data\Configuration\Procurement\ProcurementWorksCloseoutConfiguration.cs(54,9): warning CS0618: 'RelationalEntityTypeBuilderExtensions.HasCheckConstraint<TEntity>(EntityTypeBuilder<TEntity>, string, string?)' is obsolete: 'Configure this using ToTable(t => t.HasCheckConstraint()) instead.' [<REPOSITORY>\src\ErpSystem.Data\ErpSystem.Data.csproj]
<REPOSITORY>\src\ErpSystem.Data\Configuration\Procurement\ProcurementWorksCloseoutConfiguration.cs(56,9): warning CS0618: 'RelationalEntityTypeBuilderExtensions.HasCheckConstraint<TEntity>(EntityTypeBuilder<TEntity>, string, string?)' is obsolete: 'Configure this using ToTable(t => t.HasCheckConstraint()) instead.' [<REPOSITORY>\src\ErpSystem.Data\ErpSystem.Data.csproj]
<REPOSITORY>\src\ErpSystem.Data\Configuration\Procurement\ProcurementWorksCloseoutConfiguration.cs(58,9): warning CS0618: 'RelationalEntityTypeBuilderExtensions.HasCheckConstraint<TEntity>(EntityTypeBuilder<TEntity>, string, string?)' is obsolete: 'Configure this using ToTable(t => t.HasCheckConstraint()) instead.' [<REPOSITORY>\src\ErpSystem.Data\ErpSystem.Data.csproj]
<REPOSITORY>\src\ErpSystem.Data\Configuration\Procurement\ProcurementWorksCloseoutConfiguration.cs(60,9): warning CS0618: 'RelationalEntityTypeBuilderExtensions.HasCheckConstraint<TEntity>(EntityTypeBuilder<TEntity>, string, string?)' is obsolete: 'Configure this using ToTable(t => t.HasCheckConstraint()) instead.' [<REPOSITORY>\src\ErpSystem.Data\ErpSystem.Data.csproj]
<REPOSITORY>\src\ErpSystem.Data\Configuration\Procurement\ProcurementWorksCloseoutConfiguration.cs(62,9): warning CS0618: 'RelationalEntityTypeBuilderExtensions.HasCheckConstraint<TEntity>(EntityTypeBuilder<TEntity>, string, string?)' is obsolete: 'Configure this using ToTable(t => t.HasCheckConstraint()) instead.' [<REPOSITORY>\src\ErpSystem.Data\ErpSystem.Data.csproj]
<REPOSITORY>\src\ErpSystem.Data\Configuration\Procurement\ProcurementWorksCloseoutConfiguration.cs(65,9): warning CS0618: 'RelationalEntityTypeBuilderExtensions.HasCheckConstraint<TEntity>(EntityTypeBuilder<TEntity>, string, string?)' is obsolete: 'Configure this using ToTable(t => t.HasCheckConstraint()) instead.' [<REPOSITORY>\src\ErpSystem.Data\ErpSystem.Data.csproj]
<REPOSITORY>\src\ErpSystem.Data\Configuration\Procurement\ProcurementWorksCloseoutConfiguration.cs(67,9): warning CS0618: 'RelationalEntityTypeBuilderExtensions.HasCheckConstraint<TEntity>(EntityTypeBuilder<TEntity>, string, string?)' is obsolete: 'Configure this using ToTable(t => t.HasCheckConstraint()) instead.' [<REPOSITORY>\src\ErpSystem.Data\ErpSystem.Data.csproj]
<REPOSITORY>\src\ErpSystem.Data\Services\CivilEngineeringDesignService.InformationRequests.cs(406,21): warning CS8601: Possible null reference assignment. [<REPOSITORY>\src\ErpSystem.Data\ErpSystem.Data.csproj]
<REPOSITORY>\src\ErpSystem.Data\Configuration\Procurement\ProcurementReceiptSourceEvidenceConfiguration.cs(18,9): warning CS0618: 'RelationalEntityTypeBuilderExtensions.HasCheckConstraint<TEntity>(EntityTypeBuilder<TEntity>, string, string?)' is obsolete: 'Configure this using ToTable(t => t.HasCheckConstraint()) instead.' [<REPOSITORY>\src\ErpSystem.Data\ErpSystem.Data.csproj]
<REPOSITORY>\src\ErpSystem.Data\Configuration\Procurement\ProcurementReceiptSourceEvidenceConfiguration.cs(19,9): warning CS0618: 'RelationalEntityTypeBuilderExtensions.HasCheckConstraint<TEntity>(EntityTypeBuilder<TEntity>, string, string?)' is obsolete: 'Configure this using ToTable(t => t.HasCheckConstraint()) instead.' [<REPOSITORY>\src\ErpSystem.Data\ErpSystem.Data.csproj]
<REPOSITORY>\src\ErpSystem.Data\Configuration\Procurement\ProcurementReceiptSourceEvidenceConfiguration.cs(20,9): warning CS0618: 'RelationalEntityTypeBuilderExtensions.HasCheckConstraint<TEntity>(EntityTypeBuilder<TEntity>, string, string?)' is obsolete: 'Configure this using ToTable(t => t.HasCheckConstraint()) instead.' [<REPOSITORY>\src\ErpSystem.Data\ErpSystem.Data.csproj]
<REPOSITORY>\src\ErpSystem.Data\Configuration\Procurement\ProcurementReceiptSourceEvidenceConfiguration.cs(21,9): warning CS0618: 'RelationalEntityTypeBuilderExtensions.HasCheckConstraint<TEntity>(EntityTypeBuilder<TEntity>, string, string?)' is obsolete: 'Configure this using ToTable(t => t.HasCheckConstraint()) instead.' [<REPOSITORY>\src\ErpSystem.Data\ErpSystem.Data.csproj]
<REPOSITORY>\src\ErpSystem.Data\Configuration\Procurement\ProcurementReceiptInspectionConfiguration.cs(96,9): warning CS0618: 'RelationalEntityTypeBuilderExtensions.HasCheckConstraint<TEntity>(EntityTypeBuilder<TEntity>, string, string?)' is obsolete: 'Configure this using ToTable(t => t.HasCheckConstraint()) instead.' [<REPOSITORY>\src\ErpSystem.Data\ErpSystem.Data.csproj]
<REPOSITORY>\src\ErpSystem.Data\Configuration\Procurement\ProcurementReceiptInspectionConfiguration.cs(97,9): warning CS0618: 'RelationalEntityTypeBuilderExtensions.HasCheckConstraint<TEntity>(EntityTypeBuilder<TEntity>, string, string?)' is obsolete: 'Configure this using ToTable(t => t.HasCheckConstraint()) instead.' [<REPOSITORY>\src\ErpSystem.Data\ErpSystem.Data.csproj]
<REPOSITORY>\src\ErpSystem.Data\Configuration\Procurement\ProcurementReceiptInspectionConfiguration.cs(98,9): warning CS0618: 'RelationalEntityTypeBuilderExtensions.HasCheckConstraint<TEntity>(EntityTypeBuilder<TEntity>, string, string?)' is obsolete: 'Configure this using ToTable(t => t.HasCheckConstraint()) instead.' [<REPOSITORY>\src\ErpSystem.Data\ErpSystem.Data.csproj]
<REPOSITORY>\src\ErpSystem.Data\Configuration\Procurement\ProcurementReceiptInspectionConfiguration.cs(99,9): warning CS0618: 'RelationalEntityTypeBuilderExtensions.HasCheckConstraint<TEntity>(EntityTypeBuilder<TEntity>, string, string?)' is obsolete: 'Configure this using ToTable(t => t.HasCheckConstraint()) instead.' [<REPOSITORY>\src\ErpSystem.Data\ErpSystem.Data.csproj]
<REPOSITORY>\src\ErpSystem.Data\Services\QuantitySurveyRateLibraryService.cs(725,15): warning CS8619: Nullability of reference types in value of type '<anonymous type: object PreviousRate, QuantitySurveyHistoricalRateSourceDto HistoricalSource>' doesn't match target type '<anonymous type: object? PreviousRate, QuantitySurveyHistoricalRateSourceDto HistoricalSource>'. [<REPOSITORY>\src\ErpSystem.Data\ErpSystem.Data.csproj]
<REPOSITORY>\src\ErpSystem.Data\Configuration\Procurement\ProcurementReceiptInspectionConfiguration.cs(74,9): warning CS0618: 'RelationalEntityTypeBuilderExtensions.HasCheckConstraint<TEntity>(EntityTypeBuilder<TEntity>, string, string?)' is obsolete: 'Configure this using ToTable(t => t.HasCheckConstraint()) instead.' [<REPOSITORY>\src\ErpSystem.Data\ErpSystem.Data.csproj]
<REPOSITORY>\src\ErpSystem.Data\Configuration\Procurement\ProcurementReceiptInspectionConfiguration.cs(76,9): warning CS0618: 'RelationalEntityTypeBuilderExtensions.HasCheckConstraint<TEntity>(EntityTypeBuilder<TEntity>, string, string?)' is obsolete: 'Configure this using ToTable(t => t.HasCheckConstraint()) instead.' [<REPOSITORY>\src\ErpSystem.Data\ErpSystem.Data.csproj]
<REPOSITORY>\src\ErpSystem.Data\Configuration\Procurement\ProcurementReceiptInspectionConfiguration.cs(54,9): warning CS0618: 'RelationalEntityTypeBuilderExtensions.HasCheckConstraint<TEntity>(EntityTypeBuilder<TEntity>, string, string?)' is obsolete: 'Configure this using ToTable(t => t.HasCheckConstraint()) instead.' [<REPOSITORY>\src\ErpSystem.Data\ErpSystem.Data.csproj]
<REPOSITORY>\src\ErpSystem.Data\Configuration\Procurement\ProcurementReceiptInspectionConfiguration.cs(56,9): warning CS0618: 'RelationalEntityTypeBuilderExtensions.HasCheckConstraint<TEntity>(EntityTypeBuilder<TEntity>, string, string?)' is obsolete: 'Configure this using ToTable(t => t.HasCheckConstraint()) instead.' [<REPOSITORY>\src\ErpSystem.Data\ErpSystem.Data.csproj]
<REPOSITORY>\src\ErpSystem.Data\Configuration\Procurement\ProcurementReceiptInspectionConfiguration.cs(57,9): warning CS0618: 'RelationalEntityTypeBuilderExtensions.HasCheckConstraint<TEntity>(EntityTypeBuilder<TEntity>, string, string?)' is obsolete: 'Configure this using ToTable(t => t.HasCheckConstraint()) instead.' [<REPOSITORY>\src\ErpSystem.Data\ErpSystem.Data.csproj]
<REPOSITORY>\src\ErpSystem.Data\Configuration\Procurement\ProcurementReceiptInspectionConfiguration.cs(25,9): warning CS0618: 'RelationalEntityTypeBuilderExtensions.HasCheckConstraint<TEntity>(EntityTypeBuilder<TEntity>, string, string?)' is obsolete: 'Configure this using ToTable(t => t.HasCheckConstraint()) instead.' [<REPOSITORY>\src\ErpSystem.Data\ErpSystem.Data.csproj]
<REPOSITORY>\src\ErpSystem.Data\Configuration\Procurement\ProcurementReceiptInspectionConfiguration.cs(27,9): warning CS0618: 'RelationalEntityTypeBuilderExtensions.HasCheckConstraint<TEntity>(EntityTypeBuilder<TEntity>, string, string?)' is obsolete: 'Configure this using ToTable(t => t.HasCheckConstraint()) instead.' [<REPOSITORY>\src\ErpSystem.Data\ErpSystem.Data.csproj]
<REPOSITORY>\src\ErpSystem.Data\Configuration\Procurement\ProcurementReceiptInspectionConfiguration.cs(28,9): warning CS0618: 'RelationalEntityTypeBuilderExtensions.HasCheckConstraint<TEntity>(EntityTypeBuilder<TEntity>, string, string?)' is obsolete: 'Configure this using ToTable(t => t.HasCheckConstraint()) instead.' [<REPOSITORY>\src\ErpSystem.Data\ErpSystem.Data.csproj]
<REPOSITORY>\src\ErpSystem.Data\Configuration\Procurement\ProcurementReceiptInspectionConfiguration.cs(30,9): warning CS0618: 'RelationalEntityTypeBuilderExtensions.HasCheckConstraint<TEntity>(EntityTypeBuilder<TEntity>, string, string?)' is obsolete: 'Configure this using ToTable(t => t.HasCheckConstraint()) instead.' [<REPOSITORY>\src\ErpSystem.Data\ErpSystem.Data.csproj]
<REPOSITORY>\src\ErpSystem.Data\Configuration\Procurement\ProcurementReceiptDocumentConfiguration.cs(56,9): warning CS0618: 'RelationalEntityTypeBuilderExtensions.HasCheckConstraint<TEntity>(EntityTypeBuilder<TEntity>, string, string?)' is obsolete: 'Configure this using ToTable(t => t.HasCheckConstraint()) instead.' [<REPOSITORY>\src\ErpSystem.Data\ErpSystem.Data.csproj]
<REPOSITORY>\src\ErpSystem.Data\Configuration\Procurement\ProcurementReceiptDocumentConfiguration.cs(43,9): warning CS0618: 'RelationalEntityTypeBuilderExtensions.HasCheckConstraint<TEntity>(EntityTypeBuilder<TEntity>, string, string?)' is obsolete: 'Configure this using ToTable(t => t.HasCheckConstraint()) instead.' [<REPOSITORY>\src\ErpSystem.Data\ErpSystem.Data.csproj]
<REPOSITORY>\src\ErpSystem.Data\Configuration\Procurement\ProcurementReceiptDocumentConfiguration.cs(18,9): warning CS0618: 'RelationalEntityTypeBuilderExtensions.HasCheckConstraint<TEntity>(EntityTypeBuilder<TEntity>, string, string?)' is obsolete: 'Configure this using ToTable(t => t.HasCheckConstraint()) instead.' [<REPOSITORY>\src\ErpSystem.Data\ErpSystem.Data.csproj]
<REPOSITORY>\src\ErpSystem.Data\Configuration\Procurement\ProcurementReceiptDocumentConfiguration.cs(19,9): warning CS0618: 'RelationalEntityTypeBuilderExtensions.HasCheckConstraint<TEntity>(EntityTypeBuilder<TEntity>, string, string?)' is obsolete: 'Configure this using ToTable(t => t.HasCheckConstraint()) instead.' [<REPOSITORY>\src\ErpSystem.Data\ErpSystem.Data.csproj]
<REPOSITORY>\src\ErpSystem.Data\Configuration\Procurement\ProcurementReceiptDocumentConfiguration.cs(20,9): warning CS0618: 'RelationalEntityTypeBuilderExtensions.HasCheckConstraint<TEntity>(EntityTypeBuilder<TEntity>, string, string?)' is obsolete: 'Configure this using ToTable(t => t.HasCheckConstraint()) instead.' [<REPOSITORY>\src\ErpSystem.Data\ErpSystem.Data.csproj]
<REPOSITORY>\src\ErpSystem.Data\Configuration\Procurement\ProcurementContractActivationConfiguration.cs(44,9): warning CS0618: 'RelationalEntityTypeBuilderExtensions.HasCheckConstraint<TEntity>(EntityTypeBuilder<TEntity>, string, string?)' is obsolete: 'Configure this using ToTable(t => t.HasCheckConstraint()) instead.' [<REPOSITORY>\src\ErpSystem.Data\ErpSystem.Data.csproj]
<REPOSITORY>\src\ErpSystem.Data\Configuration\Procurement\ProcurementContractActivationConfiguration.cs(46,9): warning CS0618: 'RelationalEntityTypeBuilderExtensions.HasCheckConstraint<TEntity>(EntityTypeBuilder<TEntity>, string, string?)' is obsolete: 'Configure this using ToTable(t => t.HasCheckConstraint()) instead.' [<REPOSITORY>\src\ErpSystem.Data\ErpSystem.Data.csproj]
<REPOSITORY>\src\ErpSystem.Data\Configuration\Procurement\ProcurementContractActivationConfiguration.cs(19,9): warning CS0618: 'RelationalEntityTypeBuilderExtensions.HasCheckConstraint<TEntity>(EntityTypeBuilder<TEntity>, string, string?)' is obsolete: 'Configure this using ToTable(t => t.HasCheckConstraint()) instead.' [<REPOSITORY>\src\ErpSystem.Data\ErpSystem.Data.csproj]
<REPOSITORY>\src\ErpSystem.Data\Configuration\Procurement\ProcurementContractActivationConfiguration.cs(20,9): warning CS0618: 'RelationalEntityTypeBuilderExtensions.HasCheckConstraint<TEntity>(EntityTypeBuilder<TEntity>, string, string?)' is obsolete: 'Configure this using ToTable(t => t.HasCheckConstraint()) instead.' [<REPOSITORY>\src\ErpSystem.Data\ErpSystem.Data.csproj]
<REPOSITORY>\src\ErpSystem.Data\Services\CivilEngineeringDesignService.Reconnaissance.cs(486,21): warning CS8601: Possible null reference assignment. [<REPOSITORY>\src\ErpSystem.Data\ErpSystem.Data.csproj]
<REPOSITORY>\src\ErpSystem.Data\Repositories\HR\OvertimeBiometricRepositories.cs(33,27): warning CS8602: Dereference of a possibly null reference. [<REPOSITORY>\src\ErpSystem.Data\ErpSystem.Data.csproj]
<REPOSITORY>\src\ErpSystem.Data\Repositories\HR\JobOfferHireRepositories.cs(160,25): warning CS8073: The result of the expression is always 'true' since a value of type 'DateOnly' is never equal to 'null' of type 'DateOnly?' [<REPOSITORY>\src\ErpSystem.Data\ErpSystem.Data.csproj]
<REPOSITORY>\src\ErpSystem.Data\Repositories\HR\JobApplicationRepositories.cs(32,16): warning CS8603: Possible null reference return. [<REPOSITORY>\src\ErpSystem.Data\ErpSystem.Data.csproj]
<REPOSITORY>\src\ErpSystem.Data\Repositories\Maintenance\TechnicianSkillAssignmentRepository.cs(22,29): warning CS8602: Dereference of a possibly null reference. [<REPOSITORY>\src\ErpSystem.Data\ErpSystem.Data.csproj]
<REPOSITORY>\src\ErpSystem.Data\Repositories\Maintenance\TechnicianSkillAssignmentRepository.cs(31,29): warning CS8602: Dereference of a possibly null reference. [<REPOSITORY>\src\ErpSystem.Data\ErpSystem.Data.csproj]
<REPOSITORY>\src\ErpSystem.Data\Repositories\Maintenance\TechnicianSkillAssignmentRepository.cs(32,28): warning CS8602: Dereference of a possibly null reference. [<REPOSITORY>\src\ErpSystem.Data\ErpSystem.Data.csproj]
<REPOSITORY>\src\ErpSystem.Data\Repositories\Maintenance\TechnicianSkillAssignmentRepository.cs(53,29): warning CS8602: Dereference of a possibly null reference. [<REPOSITORY>\src\ErpSystem.Data\ErpSystem.Data.csproj]
<REPOSITORY>\src\ErpSystem.Data\Repositories\Maintenance\TechnicianSkillAssignmentRepository.cs(54,28): warning CS8602: Dereference of a possibly null reference. [<REPOSITORY>\src\ErpSystem.Data\ErpSystem.Data.csproj]
<REPOSITORY>\src\ErpSystem.Data\Repositories\Maintenance\TechnicianSkillAssignmentRepository.cs(71,29): warning CS8602: Dereference of a possibly null reference. [<REPOSITORY>\src\ErpSystem.Data\ErpSystem.Data.csproj]
<REPOSITORY>\src\ErpSystem.Data\Repositories\Maintenance\TechnicianSkillAssignmentRepository.cs(72,28): warning CS8602: Dereference of a possibly null reference. [<REPOSITORY>\src\ErpSystem.Data\ErpSystem.Data.csproj]
<REPOSITORY>\src\ErpSystem.Data\Repositories\Maintenance\TechnicianSkillAssignmentRepository.cs(73,28): warning CS8602: Dereference of a possibly null reference. [<REPOSITORY>\src\ErpSystem.Data\ErpSystem.Data.csproj]
<REPOSITORY>\src\ErpSystem.Data\Repositories\Maintenance\TechnicianSkillAssignmentRepository.cs(106,27): warning CS8602: Dereference of a possibly null reference. [<REPOSITORY>\src\ErpSystem.Data\ErpSystem.Data.csproj]
<REPOSITORY>\src\ErpSystem.Data\Repositories\Maintenance\TechnicianSkillAssignmentRepository.cs(109,29): warning CS8602: Dereference of a possibly null reference. [<REPOSITORY>\src\ErpSystem.Data\ErpSystem.Data.csproj]
<REPOSITORY>\src\ErpSystem.Data\Repositories\Maintenance\TechnicianSkillAssignmentRepository.cs(110,28): warning CS8602: Dereference of a possibly null reference. [<REPOSITORY>\src\ErpSystem.Data\ErpSystem.Data.csproj]
<REPOSITORY>\src\ErpSystem.Data\Repositories\Maintenance\TechnicianSkillAssignmentRepository.cs(136,28): warning CS8602: Dereference of a possibly null reference. [<REPOSITORY>\src\ErpSystem.Data\ErpSystem.Data.csproj]
<REPOSITORY>\src\ErpSystem.Data\Repositories\Maintenance\TechnicianSkillAssignmentRepository.cs(137,28): warning CS8602: Dereference of a possibly null reference. [<REPOSITORY>\src\ErpSystem.Data\ErpSystem.Data.csproj]
<REPOSITORY>\src\ErpSystem.Data\Services\CivilEngineeringWeeklySupervisionService.cs(125,138): warning CS8602: Dereference of a possibly null reference. [<REPOSITORY>\src\ErpSystem.Data\ErpSystem.Data.csproj]
<REPOSITORY>\src\ErpSystem.Data\Services\CivilEngineeringWeeklySupervisionService.cs(407,91): warning CS8601: Possible null reference assignment. [<REPOSITORY>\src\ErpSystem.Data\ErpSystem.Data.csproj]
<REPOSITORY>\src\ErpSystem.Data\Services\DatabaseReportsService.cs(1187,52): warning CS8604: Possible null reference argument for parameter 'query' in 'string DatabaseReportsService.ApplyParametersToQuery(string query, Dictionary<string, object>? parameters)'. [<REPOSITORY>\src\ErpSystem.Data\ErpSystem.Data.csproj]
<REPOSITORY>\src\ErpSystem.Data\Services\DatabaseReportsService.cs(1253,39): warning CS8601: Possible null reference assignment. [<REPOSITORY>\src\ErpSystem.Data\ErpSystem.Data.csproj]
<REPOSITORY>\src\ErpSystem.Data\Migrations\20260802171742_TDC0613InventoryValuationReconciliation.cs(99,6): warning CS8600: Converting null literal or possible null value to non-nullable type. [<REPOSITORY>\src\ErpSystem.Data\ErpSystem.Data.csproj]
<REPOSITORY>\src\ErpSystem.Data\Migrations\20260802171742_TDC0613InventoryValuationReconciliation.cs(112,6): warning CS8600: Converting null literal or possible null value to non-nullable type. [<REPOSITORY>\src\ErpSystem.Data\ErpSystem.Data.csproj]
<REPOSITORY>\src\ErpSystem.Data\Migrations\20260802171742_TDC0613InventoryValuationReconciliation.cs(14,117): warning CS8600: Converting null literal or possible null value to non-nullable type. [<REPOSITORY>\src\ErpSystem.Data\ErpSystem.Data.csproj]
<REPOSITORY>\src\ErpSystem.Data\Migrations\20260802171742_TDC0613InventoryValuationReconciliation.cs(14,138): warning CS8600: Converting null literal or possible null value to non-nullable type. [<REPOSITORY>\src\ErpSystem.Data\ErpSystem.Data.csproj]
<REPOSITORY>\src\ErpSystem.Data\Migrations\20260802171742_TDC0613InventoryValuationReconciliation.cs(14,152): warning CS8600: Converting null literal or possible null value to non-nullable type. [<REPOSITORY>\src\ErpSystem.Data\ErpSystem.Data.csproj]
<REPOSITORY>\src\ErpSystem.Data\Migrations\20260802171742_TDC0613InventoryValuationReconciliation.cs(14,166): warning CS8600: Converting null literal or possible null value to non-nullable type. [<REPOSITORY>\src\ErpSystem.Data\ErpSystem.Data.csproj]
<REPOSITORY>\src\ErpSystem.Data\Migrations\20260802171742_TDC0613InventoryValuationReconciliation.cs(14,193): warning CS8600: Converting null literal or possible null value to non-nullable type. [<REPOSITORY>\src\ErpSystem.Data\ErpSystem.Data.csproj]
<REPOSITORY>\src\ErpSystem.Data\Migrations\20260802171742_TDC0613InventoryValuationReconciliation.cs(14,207): warning CS8600: Converting null literal or possible null value to non-nullable type. [<REPOSITORY>\src\ErpSystem.Data\ErpSystem.Data.csproj]
<REPOSITORY>\src\ErpSystem.Data\Migrations\20260802171742_TDC0613InventoryValuationReconciliation.cs(16,126): warning CS8600: Converting null literal or possible null value to non-nullable type. [<REPOSITORY>\src\ErpSystem.Data\ErpSystem.Data.csproj]
<REPOSITORY>\src\ErpSystem.Data\Migrations\20260802171742_TDC0613InventoryValuationReconciliation.cs(16,147): warning CS8600: Converting null literal or possible null value to non-nullable type. [<REPOSITORY>\src\ErpSystem.Data\ErpSystem.Data.csproj]
<REPOSITORY>\src\ErpSystem.Data\Migrations\20260802171742_TDC0613InventoryValuationReconciliation.cs(16,161): warning CS8600: Converting null literal or possible null value to non-nullable type. [<REPOSITORY>\src\ErpSystem.Data\ErpSystem.Data.csproj]
<REPOSITORY>\src\ErpSystem.Data\Migrations\20260802171742_TDC0613InventoryValuationReconciliation.cs(16,175): warning CS8600: Converting null literal or possible null value to non-nullable type. [<REPOSITORY>\src\ErpSystem.Data\ErpSystem.Data.csproj]
<REPOSITORY>\src\ErpSystem.Data\Migrations\20260802171742_TDC0613InventoryValuationReconciliation.cs(16,202): warning CS8600: Converting null literal or possible null value to non-nullable type. [<REPOSITORY>\src\ErpSystem.Data\ErpSystem.Data.csproj]
<REPOSITORY>\src\ErpSystem.Data\Migrations\20260802171742_TDC0613InventoryValuationReconciliation.cs(16,216): warning CS8600: Converting null literal or possible null value to non-nullable type. [<REPOSITORY>\src\ErpSystem.Data\ErpSystem.Data.csproj]
<REPOSITORY>\src\ErpSystem.Data\Migrations\20260802171742_TDC0613InventoryValuationReconciliation.cs(17,129): warning CS8600: Converting null literal or possible null value to non-nullable type. [<REPOSITORY>\src\ErpSystem.Data\ErpSystem.Data.csproj]
<REPOSITORY>\src\ErpSystem.Data\Migrations\20260802171742_TDC0613InventoryValuationReconciliation.cs(17,150): warning CS8600: Converting null literal or possible null value to non-nullable type. [<REPOSITORY>\src\ErpSystem.Data\ErpSystem.Data.csproj]
<REPOSITORY>\src\ErpSystem.Data\Migrations\20260802171742_TDC0613InventoryValuationReconciliation.cs(17,164): warning CS8600: Converting null literal or possible null value to non-nullable type. [<REPOSITORY>\src\ErpSystem.Data\ErpSystem.Data.csproj]
<REPOSITORY>\src\ErpSystem.Data\Migrations\20260802171742_TDC0613InventoryValuationReconciliation.cs(17,178): warning CS8600: Converting null literal or possible null value to non-nullable type. [<REPOSITORY>\src\ErpSystem.Data\ErpSystem.Data.csproj]
<REPOSITORY>\src\ErpSystem.Data\Migrations\20260802171742_TDC0613InventoryValuationReconciliation.cs(17,205): warning CS8600: Converting null literal or possible null value to non-nullable type. [<REPOSITORY>\src\ErpSystem.Data\ErpSystem.Data.csproj]
<REPOSITORY>\src\ErpSystem.Data\Migrations\20260802171742_TDC0613InventoryValuationReconciliation.cs(17,219): warning CS8600: Converting null literal or possible null value to non-nullable type. [<REPOSITORY>\src\ErpSystem.Data\ErpSystem.Data.csproj]
<REPOSITORY>\src\ErpSystem.Data\Migrations\20260802171742_TDC0613InventoryValuationReconciliation.cs(18,125): warning CS8600: Converting null literal or possible null value to non-nullable type. [<REPOSITORY>\src\ErpSystem.Data\ErpSystem.Data.csproj]
<REPOSITORY>\src\ErpSystem.Data\Migrations\20260802171742_TDC0613InventoryValuationReconciliation.cs(18,146): warning CS8600: Converting null literal or possible null value to non-nullable type. [<REPOSITORY>\src\ErpSystem.Data\ErpSystem.Data.csproj]
<REPOSITORY>\src\ErpSystem.Data\Migrations\20260802171742_TDC0613InventoryValuationReconciliation.cs(18,160): warning CS8600: Converting null literal or possible null value to non-nullable type. [<REPOSITORY>\src\ErpSystem.Data\ErpSystem.Data.csproj]
<REPOSITORY>\src\ErpSystem.Data\Migrations\20260802171742_TDC0613InventoryValuationReconciliation.cs(18,174): warning CS8600: Converting null literal or possible null value to non-nullable type. [<REPOSITORY>\src\ErpSystem.Data\ErpSystem.Data.csproj]
<REPOSITORY>\src\ErpSystem.Data\Migrations\20260802171742_TDC0613InventoryValuationReconciliation.cs(18,201): warning CS8600: Converting null literal or possible null value to non-nullable type. [<REPOSITORY>\src\ErpSystem.Data\ErpSystem.Data.csproj]
<REPOSITORY>\src\ErpSystem.Data\Migrations\20260802171742_TDC0613InventoryValuationReconciliation.cs(18,215): warning CS8600: Converting null literal or possible null value to non-nullable type. [<REPOSITORY>\src\ErpSystem.Data\ErpSystem.Data.csproj]
<REPOSITORY>\src\ErpSystem.Data\Migrations\20260802171742_TDC0613InventoryValuationReconciliation.cs(19,107): warning CS8600: Converting null literal or possible null value to non-nullable type. [<REPOSITORY>\src\ErpSystem.Data\ErpSystem.Data.csproj]
<REPOSITORY>\src\ErpSystem.Data\Migrations\20260802171742_TDC0613InventoryValuationReconciliation.cs(19,128): warning CS8600: Converting null literal or possible null value to non-nullable type. [<REPOSITORY>\src\ErpSystem.Data\ErpSystem.Data.csproj]
<REPOSITORY>\src\ErpSystem.Data\Migrations\20260802171742_TDC0613InventoryValuationReconciliation.cs(19,142): warning CS8600: Converting null literal or possible null value to non-nullable type. [<REPOSITORY>\src\ErpSystem.Data\ErpSystem.Data.csproj]
<REPOSITORY>\src\ErpSystem.Data\Migrations\20260802171742_TDC0613InventoryValuationReconciliation.cs(19,156): warning CS8600: Converting null literal or possible null value to non-nullable type. [<REPOSITORY>\src\ErpSystem.Data\ErpSystem.Data.csproj]
<REPOSITORY>\src\ErpSystem.Data\Migrations\20260802171742_TDC0613InventoryValuationReconciliation.cs(19,183): warning CS8600: Converting null literal or possible null value to non-nullable type. [<REPOSITORY>\src\ErpSystem.Data\ErpSystem.Data.csproj]
<REPOSITORY>\src\ErpSystem.Data\Migrations\20260802171742_TDC0613InventoryValuationReconciliation.cs(19,197): warning CS8600: Converting null literal or possible null value to non-nullable type. [<REPOSITORY>\src\ErpSystem.Data\ErpSystem.Data.csproj]
<REPOSITORY>\src\ErpSystem.Data\Migrations\20260802171742_TDC0613InventoryValuationReconciliation.cs(21,127): warning CS8600: Converting null literal or possible null value to non-nullable type. [<REPOSITORY>\src\ErpSystem.Data\ErpSystem.Data.csproj]
<REPOSITORY>\src\ErpSystem.Data\Migrations\20260802171742_TDC0613InventoryValuationReconciliation.cs(21,148): warning CS8600: Converting null literal or possible null value to non-nullable type. [<REPOSITORY>\src\ErpSystem.Data\ErpSystem.Data.csproj]
<REPOSITORY>\src\ErpSystem.Data\Migrations\20260802171742_TDC0613InventoryValuationReconciliation.cs(21,162): warning CS8600: Converting null literal or possible null value to non-nullable type. [<REPOSITORY>\src\ErpSystem.Data\ErpSystem.Data.csproj]
<REPOSITORY>\src\ErpSystem.Data\Migrations\20260802171742_TDC0613InventoryValuationReconciliation.cs(21,176): warning CS8600: Converting null literal or possible null value to non-nullable type. [<REPOSITORY>\src\ErpSystem.Data\ErpSystem.Data.csproj]
<REPOSITORY>\src\ErpSystem.Data\Migrations\20260802171742_TDC0613InventoryValuationReconciliation.cs(21,203): warning CS8600: Converting null literal or possible null value to non-nullable type. [<REPOSITORY>\src\ErpSystem.Data\ErpSystem.Data.csproj]
<REPOSITORY>\src\ErpSystem.Data\Migrations\20260802171742_TDC0613InventoryValuationReconciliation.cs(21,217): warning CS8600: Converting null literal or possible null value to non-nullable type. [<REPOSITORY>\src\ErpSystem.Data\ErpSystem.Data.csproj]
<REPOSITORY>\src\ErpSystem.Data\Migrations\20260802171742_TDC0613InventoryValuationReconciliation.cs(22,140): warning CS8600: Converting null literal or possible null value to non-nullable type. [<REPOSITORY>\src\ErpSystem.Data\ErpSystem.Data.csproj]
<REPOSITORY>\src\ErpSystem.Data\Migrations\20260802171742_TDC0613InventoryValuationReconciliation.cs(22,161): warning CS8600: Converting null literal or possible null value to non-nullable type. [<REPOSITORY>\src\ErpSystem.Data\ErpSystem.Data.csproj]
<REPOSITORY>\src\ErpSystem.Data\Migrations\20260802171742_TDC0613InventoryValuationReconciliation.cs(22,175): warning CS8600: Converting null literal or possible null value to non-nullable type. [<REPOSITORY>\src\ErpSystem.Data\ErpSystem.Data.csproj]
<REPOSITORY>\src\ErpSystem.Data\Migrations\20260802171742_TDC0613InventoryValuationReconciliation.cs(22,189): warning CS8600: Converting null literal or possible null value to non-nullable type. [<REPOSITORY>\src\ErpSystem.Data\ErpSystem.Data.csproj]
<REPOSITORY>\src\ErpSystem.Data\Migrations\20260802171742_TDC0613InventoryValuationReconciliation.cs(22,216): warning CS8600: Converting null literal or possible null value to non-nullable type. [<REPOSITORY>\src\ErpSystem.Data\ErpSystem.Data.csproj]
<REPOSITORY>\src\ErpSystem.Data\Migrations\20260802171742_TDC0613InventoryValuationReconciliation.cs(22,230): warning CS8600: Converting null literal or possible null value to non-nullable type. [<REPOSITORY>\src\ErpSystem.Data\ErpSystem.Data.csproj]
<REPOSITORY>\src\ErpSystem.Data\Migrations\20260802171742_TDC0613InventoryValuationReconciliation.cs(23,136): warning CS8600: Converting null literal or possible null value to non-nullable type. [<REPOSITORY>\src\ErpSystem.Data\ErpSystem.Data.csproj]
<REPOSITORY>\src\ErpSystem.Data\Migrations\20260802171742_TDC0613InventoryValuationReconciliation.cs(23,157): warning CS8600: Converting null literal or possible null value to non-nullable type. [<REPOSITORY>\src\ErpSystem.Data\ErpSystem.Data.csproj]
<REPOSITORY>\src\ErpSystem.Data\Migrations\20260802171742_TDC0613InventoryValuationReconciliation.cs(23,171): warning CS8600: Converting null literal or possible null value to non-nullable type. [<REPOSITORY>\src\ErpSystem.Data\ErpSystem.Data.csproj]
<REPOSITORY>\src\ErpSystem.Data\Migrations\20260802171742_TDC0613InventoryValuationReconciliation.cs(23,185): warning CS8600: Converting null literal or possible null value to non-nullable type. [<REPOSITORY>\src\ErpSystem.Data\ErpSystem.Data.csproj]
<REPOSITORY>\src\ErpSystem.Data\Migrations\20260802171742_TDC0613InventoryValuationReconciliation.cs(23,212): warning CS8600: Converting null literal or possible null value to non-nullable type. [<REPOSITORY>\src\ErpSystem.Data\ErpSystem.Data.csproj]
<REPOSITORY>\src\ErpSystem.Data\Migrations\20260802171742_TDC0613InventoryValuationReconciliation.cs(23,226): warning CS8600: Converting null literal or possible null value to non-nullable type. [<REPOSITORY>\src\ErpSystem.Data\ErpSystem.Data.csproj]
<REPOSITORY>\src\ErpSystem.Data\Migrations\20260802171742_TDC0613InventoryValuationReconciliation.cs(24,136): warning CS8600: Converting null literal or possible null value to non-nullable type. [<REPOSITORY>\src\ErpSystem.Data\ErpSystem.Data.csproj]
<REPOSITORY>\src\ErpSystem.Data\Migrations\20260802171742_TDC0613InventoryValuationReconciliation.cs(24,157): warning CS8600: Converting null literal or possible null value to non-nullable type. [<REPOSITORY>\src\ErpSystem.Data\ErpSystem.Data.csproj]
<REPOSITORY>\src\ErpSystem.Data\Migrations\20260802171742_TDC0613InventoryValuationReconciliation.cs(24,171): warning CS8600: Converting null literal or possible null value to non-nullable type. [<REPOSITORY>\src\ErpSystem.Data\ErpSystem.Data.csproj]
<REPOSITORY>\src\ErpSystem.Data\Migrations\20260802171742_TDC0613InventoryValuationReconciliation.cs(24,185): warning CS8600: Converting null literal or possible null value to non-nullable type. [<REPOSITORY>\src\ErpSystem.Data\ErpSystem.Data.csproj]
<REPOSITORY>\src\ErpSystem.Data\Migrations\20260802171742_TDC0613InventoryValuationReconciliation.cs(24,212): warning CS8600: Converting null literal or possible null value to non-nullable type. [<REPOSITORY>\src\ErpSystem.Data\ErpSystem.Data.csproj]
<REPOSITORY>\src\ErpSystem.Data\Migrations\20260802171742_TDC0613InventoryValuationReconciliation.cs(24,226): warning CS8600: Converting null literal or possible null value to non-nullable type. [<REPOSITORY>\src\ErpSystem.Data\ErpSystem.Data.csproj]
<REPOSITORY>\src\ErpSystem.Data\Migrations\20260802171742_TDC0613InventoryValuationReconciliation.cs(25,139): warning CS8600: Converting null literal or possible null value to non-nullable type. [<REPOSITORY>\src\ErpSystem.Data\ErpSystem.Data.csproj]
<REPOSITORY>\src\ErpSystem.Data\Migrations\20260802171742_TDC0613InventoryValuationReconciliation.cs(25,160): warning CS8600: Converting null literal or possible null value to non-nullable type. [<REPOSITORY>\src\ErpSystem.Data\ErpSystem.Data.csproj]
<REPOSITORY>\src\ErpSystem.Data\Migrations\20260802171742_TDC0613InventoryValuationReconciliation.cs(25,174): warning CS8600: Converting null literal or possible null value to non-nullable type. [<REPOSITORY>\src\ErpSystem.Data\ErpSystem.Data.csproj]
<REPOSITORY>\src\ErpSystem.Data\Migrations\20260802171742_TDC0613InventoryValuationReconciliation.cs(25,188): warning CS8600: Converting null literal or possible null value to non-nullable type. [<REPOSITORY>\src\ErpSystem.Data\ErpSystem.Data.csproj]
<REPOSITORY>\src\ErpSystem.Data\Migrations\20260802171742_TDC0613InventoryValuationReconciliation.cs(25,215): warning CS8600: Converting null literal or possible null value to non-nullable type. [<REPOSITORY>\src\ErpSystem.Data\ErpSystem.Data.csproj]
<REPOSITORY>\src\ErpSystem.Data\Migrations\20260802171742_TDC0613InventoryValuationReconciliation.cs(25,229): warning CS8600: Converting null literal or possible null value to non-nullable type. [<REPOSITORY>\src\ErpSystem.Data\ErpSystem.Data.csproj]
<REPOSITORY>\src\ErpSystem.Data\Migrations\20260802171742_TDC0613InventoryValuationReconciliation.cs(26,138): warning CS8600: Converting null literal or possible null value to non-nullable type. [<REPOSITORY>\src\ErpSystem.Data\ErpSystem.Data.csproj]
<REPOSITORY>\src\ErpSystem.Data\Migrations\20260802171742_TDC0613InventoryValuationReconciliation.cs(26,159): warning CS8600: Converting null literal or possible null value to non-nullable type. [<REPOSITORY>\src\ErpSystem.Data\ErpSystem.Data.csproj]
<REPOSITORY>\src\ErpSystem.Data\Migrations\20260802171742_TDC0613InventoryValuationReconciliation.cs(26,173): warning CS8600: Converting null literal or possible null value to non-nullable type. [<REPOSITORY>\src\ErpSystem.Data\ErpSystem.Data.csproj]
<REPOSITORY>\src\ErpSystem.Data\Migrations\20260802171742_TDC0613InventoryValuationReconciliation.cs(26,187): warning CS8600: Converting null literal or possible null value to non-nullable type. [<REPOSITORY>\src\ErpSystem.Data\ErpSystem.Data.csproj]
<REPOSITORY>\src\ErpSystem.Data\Migrations\20260802171742_TDC0613InventoryValuationReconciliation.cs(26,214): warning CS8600: Converting null literal or possible null value to non-nullable type. [<REPOSITORY>\src\ErpSystem.Data\ErpSystem.Data.csproj]
<REPOSITORY>\src\ErpSystem.Data\Migrations\20260802171742_TDC0613InventoryValuationReconciliation.cs(26,228): warning CS8600: Converting null literal or possible null value to non-nullable type. [<REPOSITORY>\src\ErpSystem.Data\ErpSystem.Data.csproj]
<REPOSITORY>\src\ErpSystem.Data\Migrations\20260802171742_TDC0613InventoryValuationReconciliation.cs(27,138): warning CS8600: Converting null literal or possible null value to non-nullable type. [<REPOSITORY>\src\ErpSystem.Data\ErpSystem.Data.csproj]
<REPOSITORY>\src\ErpSystem.Data\Migrations\20260802171742_TDC0613InventoryValuationReconciliation.cs(27,159): warning CS8600: Converting null literal or possible null value to non-nullable type. [<REPOSITORY>\src\ErpSystem.Data\ErpSystem.Data.csproj]
<REPOSITORY>\src\ErpSystem.Data\Migrations\20260802171742_TDC0613InventoryValuationReconciliation.cs(27,173): warning CS8600: Converting null literal or possible null value to non-nullable type. [<REPOSITORY>\src\ErpSystem.Data\ErpSystem.Data.csproj]
<REPOSITORY>\src\ErpSystem.Data\Migrations\20260802171742_TDC0613InventoryValuationReconciliation.cs(27,187): warning CS8600: Converting null literal or possible null value to non-nullable type. [<REPOSITORY>\src\ErpSystem.Data\ErpSystem.Data.csproj]
<REPOSITORY>\src\ErpSystem.Data\Migrations\20260802171742_TDC0613InventoryValuationReconciliation.cs(27,214): warning CS8600: Converting null literal or possible null value to non-nullable type. [<REPOSITORY>\src\ErpSystem.Data\ErpSystem.Data.csproj]
<REPOSITORY>\src\ErpSystem.Data\Migrations\20260802171742_TDC0613InventoryValuationReconciliation.cs(27,228): warning CS8600: Converting null literal or possible null value to non-nullable type. [<REPOSITORY>\src\ErpSystem.Data\ErpSystem.Data.csproj]
<REPOSITORY>\src\ErpSystem.Data\Migrations\20260802171742_TDC0613InventoryValuationReconciliation.cs(28,141): warning CS8600: Converting null literal or possible null value to non-nullable type. [<REPOSITORY>\src\ErpSystem.Data\ErpSystem.Data.csproj]
<REPOSITORY>\src\ErpSystem.Data\Migrations\20260802171742_TDC0613InventoryValuationReconciliation.cs(28,162): warning CS8600: Converting null literal or possible null value to non-nullable type. [<REPOSITORY>\src\ErpSystem.Data\ErpSystem.Data.csproj]
<REPOSITORY>\src\ErpSystem.Data\Migrations\20260802171742_TDC0613InventoryValuationReconciliation.cs(28,176): warning CS8600: Converting null literal or possible null value to non-nullable type. [<REPOSITORY>\src\ErpSystem.Data\ErpSystem.Data.csproj]
<REPOSITORY>\src\ErpSystem.Data\Migrations\20260802171742_TDC0613InventoryValuationReconciliation.cs(28,190): warning CS8600: Converting null literal or possible null value to non-nullable type. [<REPOSITORY>\src\ErpSystem.Data\ErpSystem.Data.csproj]
<REPOSITORY>\src\ErpSystem.Data\Migrations\20260802171742_TDC0613InventoryValuationReconciliation.cs(28,217): warning CS8600: Converting null literal or possible null value to non-nullable type. [<REPOSITORY>\src\ErpSystem.Data\ErpSystem.Data.csproj]
<REPOSITORY>\src\ErpSystem.Data\Migrations\20260802171742_TDC0613InventoryValuationReconciliation.cs(28,231): warning CS8600: Converting null literal or possible null value to non-nullable type. [<REPOSITORY>\src\ErpSystem.Data\ErpSystem.Data.csproj]
<REPOSITORY>\src\ErpSystem.Data\Migrations\20260802171742_TDC0613InventoryValuationReconciliation.cs(29,135): warning CS8600: Converting null literal or possible null value to non-nullable type. [<REPOSITORY>\src\ErpSystem.Data\ErpSystem.Data.csproj]
<REPOSITORY>\src\ErpSystem.Data\Migrations\20260802171742_TDC0613InventoryValuationReconciliation.cs(29,156): warning CS8600: Converting null literal or possible null value to non-nullable type. [<REPOSITORY>\src\ErpSystem.Data\ErpSystem.Data.csproj]
<REPOSITORY>\src\ErpSystem.Data\Migrations\20260802171742_TDC0613InventoryValuationReconciliation.cs(29,170): warning CS8600: Converting null literal or possible null value to non-nullable type. [<REPOSITORY>\src\ErpSystem.Data\ErpSystem.Data.csproj]
<REPOSITORY>\src\ErpSystem.Data\Migrations\20260802171742_TDC0613InventoryValuationReconciliation.cs(29,184): warning CS8600: Converting null literal or possible null value to non-nullable type. [<REPOSITORY>\src\ErpSystem.Data\ErpSystem.Data.csproj]
<REPOSITORY>\src\ErpSystem.Data\Migrations\20260802171742_TDC0613InventoryValuationReconciliation.cs(29,211): warning CS8600: Converting null literal or possible null value to non-nullable type. [<REPOSITORY>\src\ErpSystem.Data\ErpSystem.Data.csproj]
<REPOSITORY>\src\ErpSystem.Data\Migrations\20260802171742_TDC0613InventoryValuationReconciliation.cs(29,225): warning CS8600: Converting null literal or possible null value to non-nullable type. [<REPOSITORY>\src\ErpSystem.Data\ErpSystem.Data.csproj]
<REPOSITORY>\src\ErpSystem.Data\Migrations\20260802171742_TDC0613InventoryValuationReconciliation.cs(30,133): warning CS8600: Converting null literal or possible null value to non-nullable type. [<REPOSITORY>\src\ErpSystem.Data\ErpSystem.Data.csproj]
<REPOSITORY>\src\ErpSystem.Data\Migrations\20260802171742_TDC0613InventoryValuationReconciliation.cs(30,154): warning CS8600: Converting null literal or possible null value to non-nullable type. [<REPOSITORY>\src\ErpSystem.Data\ErpSystem.Data.csproj]
<REPOSITORY>\src\ErpSystem.Data\Migrations\20260802171742_TDC0613InventoryValuationReconciliation.cs(30,168): warning CS8600: Converting null literal or possible null value to non-nullable type. [<REPOSITORY>\src\ErpSystem.Data\ErpSystem.Data.csproj]
<REPOSITORY>\src\ErpSystem.Data\Migrations\20260802171742_TDC0613InventoryValuationReconciliation.cs(30,182): warning CS8600: Converting null literal or possible null value to non-nullable type. [<REPOSITORY>\src\ErpSystem.Data\ErpSystem.Data.csproj]
<REPOSITORY>\src\ErpSystem.Data\Migrations\20260802171742_TDC0613InventoryValuationReconciliation.cs(30,209): warning CS8600: Converting null literal or possible null value to non-nullable type. [<REPOSITORY>\src\ErpSystem.Data\ErpSystem.Data.csproj]
<REPOSITORY>\src\ErpSystem.Data\Migrations\20260802171742_TDC0613InventoryValuationReconciliation.cs(30,223): warning CS8600: Converting null literal or possible null value to non-nullable type. [<REPOSITORY>\src\ErpSystem.Data\ErpSystem.Data.csproj]
<REPOSITORY>\src\ErpSystem.Data\Migrations\20260802171742_TDC0613InventoryValuationReconciliation.cs(31,137): warning CS8600: Converting null literal or possible null value to non-nullable type. [<REPOSITORY>\src\ErpSystem.Data\ErpSystem.Data.csproj]
<REPOSITORY>\src\ErpSystem.Data\Migrations\20260802171742_TDC0613InventoryValuationReconciliation.cs(31,158): warning CS8600: Converting null literal or possible null value to non-nullable type. [<REPOSITORY>\src\ErpSystem.Data\ErpSystem.Data.csproj]
<REPOSITORY>\src\ErpSystem.Data\Migrations\20260802171742_TDC0613InventoryValuationReconciliation.cs(31,172): warning CS8600: Converting null literal or possible null value to non-nullable type. [<REPOSITORY>\src\ErpSystem.Data\ErpSystem.Data.csproj]
<REPOSITORY>\src\ErpSystem.Data\Migrations\20260802171742_TDC0613InventoryValuationReconciliation.cs(31,186): warning CS8600: Converting null literal or possible null value to non-nullable type. [<REPOSITORY>\src\ErpSystem.Data\ErpSystem.Data.csproj]
<REPOSITORY>\src\ErpSystem.Data\Migrations\20260802171742_TDC0613InventoryValuationReconciliation.cs(31,213): warning CS8600: Converting null literal or possible null value to non-nullable type. [<REPOSITORY>\src\ErpSystem.Data\ErpSystem.Data.csproj]
<REPOSITORY>\src\ErpSystem.Data\Migrations\20260802171742_TDC0613InventoryValuationReconciliation.cs(31,227): warning CS8600: Converting null literal or possible null value to non-nullable type. [<REPOSITORY>\src\ErpSystem.Data\ErpSystem.Data.csproj]
<REPOSITORY>\src\ErpSystem.Data\Migrations\20260802171742_TDC0613InventoryValuationReconciliation.cs(32,130): warning CS8600: Converting null literal or possible null value to non-nullable type. [<REPOSITORY>\src\ErpSystem.Data\ErpSystem.Data.csproj]
<REPOSITORY>\src\ErpSystem.Data\Migrations\20260802171742_TDC0613InventoryValuationReconciliation.cs(32,151): warning CS8600: Converting null literal or possible null value to non-nullable type. [<REPOSITORY>\src\ErpSystem.Data\ErpSystem.Data.csproj]
<REPOSITORY>\src\ErpSystem.Data\Migrations\20260802171742_TDC0613InventoryValuationReconciliation.cs(32,165): warning CS8600: Converting null literal or possible null value to non-nullable type. [<REPOSITORY>\src\ErpSystem.Data\ErpSystem.Data.csproj]
<REPOSITORY>\src\ErpSystem.Data\Migrations\20260802171742_TDC0613InventoryValuationReconciliation.cs(32,179): warning CS8600: Converting null literal or possible null value to non-nullable type. [<REPOSITORY>\src\ErpSystem.Data\ErpSystem.Data.csproj]
<REPOSITORY>\src\ErpSystem.Data\Migrations\20260802171742_TDC0613InventoryValuationReconciliation.cs(32,206): warning CS8600: Converting null literal or possible null value to non-nullable type. [<REPOSITORY>\src\ErpSystem.Data\ErpSystem.Data.csproj]
<REPOSITORY>\src\ErpSystem.Data\Migrations\20260802171742_TDC0613InventoryValuationReconciliation.cs(32,220): warning CS8600: Converting null literal or possible null value to non-nullable type. [<REPOSITORY>\src\ErpSystem.Data\ErpSystem.Data.csproj]
<REPOSITORY>\src\ErpSystem.Data\Migrations\20260802171742_TDC0613InventoryValuationReconciliation.cs(33,122): warning CS8600: Converting null literal or possible null value to non-nullable type. [<REPOSITORY>\src\ErpSystem.Data\ErpSystem.Data.csproj]
<REPOSITORY>\src\ErpSystem.Data\Migrations\20260802171742_TDC0613InventoryValuationReconciliation.cs(33,143): warning CS8600: Converting null literal or possible null value to non-nullable type. [<REPOSITORY>\src\ErpSystem.Data\ErpSystem.Data.csproj]
<REPOSITORY>\src\ErpSystem.Data\Migrations\20260802171742_TDC0613InventoryValuationReconciliation.cs(33,157): warning CS8600: Converting null literal or possible null value to non-nullable type. [<REPOSITORY>\src\ErpSystem.Data\ErpSystem.Data.csproj]
<REPOSITORY>\src\ErpSystem.Data\Migrations\20260802171742_TDC0613InventoryValuationReconciliation.cs(33,171): warning CS8600: Converting null literal or possible null value to non-nullable type. [<REPOSITORY>\src\ErpSystem.Data\ErpSystem.Data.csproj]
<REPOSITORY>\src\ErpSystem.Data\Migrations\20260802171742_TDC0613InventoryValuationReconciliation.cs(33,198): warning CS8600: Converting null literal or possible null value to non-nullable type. [<REPOSITORY>\src\ErpSystem.Data\ErpSystem.Data.csproj]
<REPOSITORY>\src\ErpSystem.Data\Migrations\20260802171742_TDC0613InventoryValuationReconciliation.cs(33,212): warning CS8600: Converting null literal or possible null value to non-nullable type. [<REPOSITORY>\src\ErpSystem.Data\ErpSystem.Data.csproj]
<REPOSITORY>\src\ErpSystem.Data\Migrations\20260802171742_TDC0613InventoryValuationReconciliation.cs(34,125): warning CS8600: Converting null literal or possible null value to non-nullable type. [<REPOSITORY>\src\ErpSystem.Data\ErpSystem.Data.csproj]
<REPOSITORY>\src\ErpSystem.Data\Migrations\20260802171742_TDC0613InventoryValuationReconciliation.cs(34,146): warning CS8600: Converting null literal or possible null value to non-nullable type. [<REPOSITORY>\src\ErpSystem.Data\ErpSystem.Data.csproj]
<REPOSITORY>\src\ErpSystem.Data\Migrations\20260802171742_TDC0613InventoryValuationReconciliation.cs(34,160): warning CS8600: Converting null literal or possible null value to non-nullable type. [<REPOSITORY>\src\ErpSystem.Data\ErpSystem.Data.csproj]
<REPOSITORY>\src\ErpSystem.Data\Migrations\20260802171742_TDC0613InventoryValuationReconciliation.cs(34,174): warning CS8600: Converting null literal or possible null value to non-nullable type. [<REPOSITORY>\src\ErpSystem.Data\ErpSystem.Data.csproj]
<REPOSITORY>\src\ErpSystem.Data\Migrations\20260802171742_TDC0613InventoryValuationReconciliation.cs(34,201): warning CS8600: Converting null literal or possible null value to non-nullable type. [<REPOSITORY>\src\ErpSystem.Data\ErpSystem.Data.csproj]
<REPOSITORY>\src\ErpSystem.Data\Migrations\20260802171742_TDC0613InventoryValuationReconciliation.cs(34,215): warning CS8600: Converting null literal or possible null value to non-nullable type. [<REPOSITORY>\src\ErpSystem.Data\ErpSystem.Data.csproj]
<REPOSITORY>\src\ErpSystem.Data\Migrations\20260802171742_TDC0613InventoryValuationReconciliation.cs(35,124): warning CS8600: Converting null literal or possible null value to non-nullable type. [<REPOSITORY>\src\ErpSystem.Data\ErpSystem.Data.csproj]
<REPOSITORY>\src\ErpSystem.Data\Migrations\20260802171742_TDC0613InventoryValuationReconciliation.cs(35,145): warning CS8600: Converting null literal or possible null value to non-nullable type. [<REPOSITORY>\src\ErpSystem.Data\ErpSystem.Data.csproj]
<REPOSITORY>\src\ErpSystem.Data\Migrations\20260802171742_TDC0613InventoryValuationReconciliation.cs(35,159): warning CS8600: Converting null literal or possible null value to non-nullable type. [<REPOSITORY>\src\ErpSystem.Data\ErpSystem.Data.csproj]
<REPOSITORY>\src\ErpSystem.Data\Migrations\20260802171742_TDC0613InventoryValuationReconciliation.cs(35,173): warning CS8600: Converting null literal or possible null value to non-nullable type. [<REPOSITORY>\src\ErpSystem.Data\ErpSystem.Data.csproj]
<REPOSITORY>\src\ErpSystem.Data\Migrations\20260802171742_TDC0613InventoryValuationReconciliation.cs(35,200): warning CS8600: Converting null literal or possible null value to non-nullable type. [<REPOSITORY>\src\ErpSystem.Data\ErpSystem.Data.csproj]
<REPOSITORY>\src\ErpSystem.Data\Migrations\20260802171742_TDC0613InventoryValuationReconciliation.cs(35,214): warning CS8600: Converting null literal or possible null value to non-nullable type. [<REPOSITORY>\src\ErpSystem.Data\ErpSystem.Data.csproj]
<REPOSITORY>\src\ErpSystem.Data\Migrations\20260802171742_TDC0613InventoryValuationReconciliation.cs(36,128): warning CS8600: Converting null literal or possible null value to non-nullable type. [<REPOSITORY>\src\ErpSystem.Data\ErpSystem.Data.csproj]
<REPOSITORY>\src\ErpSystem.Data\Migrations\20260802171742_TDC0613InventoryValuationReconciliation.cs(36,149): warning CS8600: Converting null literal or possible null value to non-nullable type. [<REPOSITORY>\src\ErpSystem.Data\ErpSystem.Data.csproj]
<REPOSITORY>\src\ErpSystem.Data\Migrations\20260802171742_TDC0613InventoryValuationReconciliation.cs(36,163): warning CS8600: Converting null literal or possible null value to non-nullable type. [<REPOSITORY>\src\ErpSystem.Data\ErpSystem.Data.csproj]
<REPOSITORY>\src\ErpSystem.Data\Migrations\20260802171742_TDC0613InventoryValuationReconciliation.cs(36,177): warning CS8600: Converting null literal or possible null value to non-nullable type. [<REPOSITORY>\src\ErpSystem.Data\ErpSystem.Data.csproj]
<REPOSITORY>\src\ErpSystem.Data\Migrations\20260802171742_TDC0613InventoryValuationReconciliation.cs(36,204): warning CS8600: Converting null literal or possible null value to non-nullable type. [<REPOSITORY>\src\ErpSystem.Data\ErpSystem.Data.csproj]
<REPOSITORY>\src\ErpSystem.Data\Migrations\20260802171742_TDC0613InventoryValuationReconciliation.cs(36,218): warning CS8600: Converting null literal or possible null value to non-nullable type. [<REPOSITORY>\src\ErpSystem.Data\ErpSystem.Data.csproj]
<REPOSITORY>\src\ErpSystem.Data\Migrations\20260802171742_TDC0613InventoryValuationReconciliation.cs(37,115): warning CS8600: Converting null literal or possible null value to non-nullable type. [<REPOSITORY>\src\ErpSystem.Data\ErpSystem.Data.csproj]
<REPOSITORY>\src\ErpSystem.Data\Migrations\20260802171742_TDC0613InventoryValuationReconciliation.cs(37,136): warning CS8600: Converting null literal or possible null value to non-nullable type. [<REPOSITORY>\src\ErpSystem.Data\ErpSystem.Data.csproj]
<REPOSITORY>\src\ErpSystem.Data\Migrations\20260802171742_TDC0613InventoryValuationReconciliation.cs(37,150): warning CS8600: Converting null literal or possible null value to non-nullable type. [<REPOSITORY>\src\ErpSystem.Data\ErpSystem.Data.csproj]
<REPOSITORY>\src\ErpSystem.Data\Migrations\20260802171742_TDC0613InventoryValuationReconciliation.cs(37,164): warning CS8600: Converting null literal or possible null value to non-nullable type. [<REPOSITORY>\src\ErpSystem.Data\ErpSystem.Data.csproj]
<REPOSITORY>\src\ErpSystem.Data\Migrations\20260802171742_TDC0613InventoryValuationReconciliation.cs(37,191): warning CS8600: Converting null literal or possible null value to non-nullable type. [<REPOSITORY>\src\ErpSystem.Data\ErpSystem.Data.csproj]
<REPOSITORY>\src\ErpSystem.Data\Migrations\20260802171742_TDC0613InventoryValuationReconciliation.cs(37,205): warning CS8600: Converting null literal or possible null value to non-nullable type. [<REPOSITORY>\src\ErpSystem.Data\ErpSystem.Data.csproj]
<REPOSITORY>\src\ErpSystem.Data\Migrations\20260802171742_TDC0613InventoryValuationReconciliation.cs(38,126): warning CS8600: Converting null literal or possible null value to non-nullable type. [<REPOSITORY>\src\ErpSystem.Data\ErpSystem.Data.csproj]
<REPOSITORY>\src\ErpSystem.Data\Migrations\20260802171742_TDC0613InventoryValuationReconciliation.cs(38,147): warning CS8600: Converting null literal or possible null value to non-nullable type. [<REPOSITORY>\src\ErpSystem.Data\ErpSystem.Data.csproj]
<REPOSITORY>\src\ErpSystem.Data\Migrations\20260802171742_TDC0613InventoryValuationReconciliation.cs(38,161): warning CS8600: Converting null literal or possible null value to non-nullable type. [<REPOSITORY>\src\ErpSystem.Data\ErpSystem.Data.csproj]
<REPOSITORY>\src\ErpSystem.Data\Migrations\20260802171742_TDC0613InventoryValuationReconciliation.cs(38,175): warning CS8600: Converting null literal or possible null value to non-nullable type. [<REPOSITORY>\src\ErpSystem.Data\ErpSystem.Data.csproj]
<REPOSITORY>\src\ErpSystem.Data\Migrations\20260802171742_TDC0613InventoryValuationReconciliation.cs(38,202): warning CS8600: Converting null literal or possible null value to non-nullable type. [<REPOSITORY>\src\ErpSystem.Data\ErpSystem.Data.csproj]
<REPOSITORY>\src\ErpSystem.Data\Migrations\20260802171742_TDC0613InventoryValuationReconciliation.cs(38,216): warning CS8600: Converting null literal or possible null value to non-nullable type. [<REPOSITORY>\src\ErpSystem.Data\ErpSystem.Data.csproj]
<REPOSITORY>\src\ErpSystem.Data\Migrations\20260802171742_TDC0613InventoryValuationReconciliation.cs(39,128): warning CS8600: Converting null literal or possible null value to non-nullable type. [<REPOSITORY>\src\ErpSystem.Data\ErpSystem.Data.csproj]
<REPOSITORY>\src\ErpSystem.Data\Migrations\20260802171742_TDC0613InventoryValuationReconciliation.cs(39,149): warning CS8600: Converting null literal or possible null value to non-nullable type. [<REPOSITORY>\src\ErpSystem.Data\ErpSystem.Data.csproj]
<REPOSITORY>\src\ErpSystem.Data\Migrations\20260802171742_TDC0613InventoryValuationReconciliation.cs(39,163): warning CS8600: Converting null literal or possible null value to non-nullable type. [<REPOSITORY>\src\ErpSystem.Data\ErpSystem.Data.csproj]
<REPOSITORY>\src\ErpSystem.Data\Migrations\20260802171742_TDC0613InventoryValuationReconciliation.cs(39,177): warning CS8600: Converting null literal or possible null value to non-nullable type. [<REPOSITORY>\src\ErpSystem.Data\ErpSystem.Data.csproj]
<REPOSITORY>\src\ErpSystem.Data\Migrations\20260802171742_TDC0613InventoryValuationReconciliation.cs(39,204): warning CS8600: Converting null literal or possible null value to non-nullable type. [<REPOSITORY>\src\ErpSystem.Data\ErpSystem.Data.csproj]
<REPOSITORY>\src\ErpSystem.Data\Migrations\20260802171742_TDC0613InventoryValuationReconciliation.cs(39,218): warning CS8600: Converting null literal or possible null value to non-nullable type. [<REPOSITORY>\src\ErpSystem.Data\ErpSystem.Data.csproj]
<REPOSITORY>\src\ErpSystem.Data\Migrations\20260802171742_TDC0613InventoryValuationReconciliation.cs(41,118): warning CS8600: Converting null literal or possible null value to non-nullable type. [<REPOSITORY>\src\ErpSystem.Data\ErpSystem.Data.csproj]
<REPOSITORY>\src\ErpSystem.Data\Migrations\20260802171742_TDC0613InventoryValuationReconciliation.cs(41,139): warning CS8600: Converting null literal or possible null value to non-nullable type. [<REPOSITORY>\src\ErpSystem.Data\ErpSystem.Data.csproj]
<REPOSITORY>\src\ErpSystem.Data\Migrations\20260802171742_TDC0613InventoryValuationReconciliation.cs(41,153): warning CS8600: Converting null literal or possible null value to non-nullable type. [<REPOSITORY>\src\ErpSystem.Data\ErpSystem.Data.csproj]
<REPOSITORY>\src\ErpSystem.Data\Migrations\20260802171742_TDC0613InventoryValuationReconciliation.cs(41,167): warning CS8600: Converting null literal or possible null value to non-nullable type. [<REPOSITORY>\src\ErpSystem.Data\ErpSystem.Data.csproj]
<REPOSITORY>\src\ErpSystem.Data\Migrations\20260802171742_TDC0613InventoryValuationReconciliation.cs(41,194): warning CS8600: Converting null literal or possible null value to non-nullable type. [<REPOSITORY>\src\ErpSystem.Data\ErpSystem.Data.csproj]
<REPOSITORY>\src\ErpSystem.Data\Migrations\20260802171742_TDC0613InventoryValuationReconciliation.cs(41,208): warning CS8600: Converting null literal or possible null value to non-nullable type. [<REPOSITORY>\src\ErpSystem.Data\ErpSystem.Data.csproj]
<REPOSITORY>\src\ErpSystem.Data\Migrations\20260802171742_TDC0613InventoryValuationReconciliation.cs(42,128): warning CS8600: Converting null literal or possible null value to non-nullable type. [<REPOSITORY>\src\ErpSystem.Data\ErpSystem.Data.csproj]
<REPOSITORY>\src\ErpSystem.Data\Migrations\20260802171742_TDC0613InventoryValuationReconciliation.cs(42,149): warning CS8600: Converting null literal or possible null value to non-nullable type. [<REPOSITORY>\src\ErpSystem.Data\ErpSystem.Data.csproj]
<REPOSITORY>\src\ErpSystem.Data\Migrations\20260802171742_TDC0613InventoryValuationReconciliation.cs(42,163): warning CS8600: Converting null literal or possible null value to non-nullable type. [<REPOSITORY>\src\ErpSystem.Data\ErpSystem.Data.csproj]
<REPOSITORY>\src\ErpSystem.Data\Migrations\20260802171742_TDC0613InventoryValuationReconciliation.cs(42,177): warning CS8600: Converting null literal or possible null value to non-nullable type. [<REPOSITORY>\src\ErpSystem.Data\ErpSystem.Data.csproj]
<REPOSITORY>\src\ErpSystem.Data\Migrations\20260802171742_TDC0613InventoryValuationReconciliation.cs(42,204): warning CS8600: Converting null literal or possible null value to non-nullable type. [<REPOSITORY>\src\ErpSystem.Data\ErpSystem.Data.csproj]
<REPOSITORY>\src\ErpSystem.Data\Migrations\20260802171742_TDC0613InventoryValuationReconciliation.cs(42,218): warning CS8600: Converting null literal or possible null value to non-nullable type. [<REPOSITORY>\src\ErpSystem.Data\ErpSystem.Data.csproj]
<REPOSITORY>\src\ErpSystem.Data\Migrations\20260802171742_TDC0613InventoryValuationReconciliation.cs(43,126): warning CS8600: Converting null literal or possible null value to non-nullable type. [<REPOSITORY>\src\ErpSystem.Data\ErpSystem.Data.csproj]
<REPOSITORY>\src\ErpSystem.Data\Migrations\20260802171742_TDC0613InventoryValuationReconciliation.cs(43,147): warning CS8600: Converting null literal or possible null value to non-nullable type. [<REPOSITORY>\src\ErpSystem.Data\ErpSystem.Data.csproj]
<REPOSITORY>\src\ErpSystem.Data\Migrations\20260802171742_TDC0613InventoryValuationReconciliation.cs(43,161): warning CS8600: Converting null literal or possible null value to non-nullable type. [<REPOSITORY>\src\ErpSystem.Data\ErpSystem.Data.csproj]
<REPOSITORY>\src\ErpSystem.Data\Migrations\20260802171742_TDC0613InventoryValuationReconciliation.cs(43,175): warning CS8600: Converting null literal or possible null value to non-nullable type. [<REPOSITORY>\src\ErpSystem.Data\ErpSystem.Data.csproj]
<REPOSITORY>\src\ErpSystem.Data\Migrations\20260802171742_TDC0613InventoryValuationReconciliation.cs(43,202): warning CS8600: Converting null literal or possible null value to non-nullable type. [<REPOSITORY>\src\ErpSystem.Data\ErpSystem.Data.csproj]
<REPOSITORY>\src\ErpSystem.Data\Migrations\20260802171742_TDC0613InventoryValuationReconciliation.cs(43,216): warning CS8600: Converting null literal or possible null value to non-nullable type. [<REPOSITORY>\src\ErpSystem.Data\ErpSystem.Data.csproj]
<REPOSITORY>\src\ErpSystem.Data\Migrations\20260802171742_TDC0613InventoryValuationReconciliation.cs(44,125): warning CS8600: Converting null literal or possible null value to non-nullable type. [<REPOSITORY>\src\ErpSystem.Data\ErpSystem.Data.csproj]
<REPOSITORY>\src\ErpSystem.Data\Migrations\20260802171742_TDC0613InventoryValuationReconciliation.cs(44,145): warning CS8600: Converting null literal or possible null value to non-nullable type. [<REPOSITORY>\src\ErpSystem.Data\ErpSystem.Data.csproj]
<REPOSITORY>\src\ErpSystem.Data\Migrations\20260802171742_TDC0613InventoryValuationReconciliation.cs(44,159): warning CS8600: Converting null literal or possible null value to non-nullable type. [<REPOSITORY>\src\ErpSystem.Data\ErpSystem.Data.csproj]
<REPOSITORY>\src\ErpSystem.Data\Migrations\20260802171742_TDC0613InventoryValuationReconciliation.cs(44,173): warning CS8600: Converting null literal or possible null value to non-nullable type. [<REPOSITORY>\src\ErpSystem.Data\ErpSystem.Data.csproj]
<REPOSITORY>\src\ErpSystem.Data\Migrations\20260802171742_TDC0613InventoryValuationReconciliation.cs(44,200): warning CS8600: Converting null literal or possible null value to non-nullable type. [<REPOSITORY>\src\ErpSystem.Data\ErpSystem.Data.csproj]
<REPOSITORY>\src\ErpSystem.Data\Migrations\20260802171742_TDC0613InventoryValuationReconciliation.cs(44,214): warning CS8600: Converting null literal or possible null value to non-nullable type. [<REPOSITORY>\src\ErpSystem.Data\ErpSystem.Data.csproj]
<REPOSITORY>\src\ErpSystem.Data\Migrations\20260802171742_TDC0613InventoryValuationReconciliation.cs(45,123): warning CS8600: Converting null literal or possible null value to non-nullable type. [<REPOSITORY>\src\ErpSystem.Data\ErpSystem.Data.csproj]
<REPOSITORY>\src\ErpSystem.Data\Migrations\20260802171742_TDC0613InventoryValuationReconciliation.cs(45,143): warning CS8600: Converting null literal or possible null value to non-nullable type. [<REPOSITORY>\src\ErpSystem.Data\ErpSystem.Data.csproj]
<REPOSITORY>\src\ErpSystem.Data\Migrations\20260802171742_TDC0613InventoryValuationReconciliation.cs(45,157): warning CS8600: Converting null literal or possible null value to non-nullable type. [<REPOSITORY>\src\ErpSystem.Data\ErpSystem.Data.csproj]
<REPOSITORY>\src\ErpSystem.Data\Migrations\20260802171742_TDC0613InventoryValuationReconciliation.cs(45,171): warning CS8600: Converting null literal or possible null value to non-nullable type. [<REPOSITORY>\src\ErpSystem.Data\ErpSystem.Data.csproj]
<REPOSITORY>\src\ErpSystem.Data\Migrations\20260802171742_TDC0613InventoryValuationReconciliation.cs(45,198): warning CS8600: Converting null literal or possible null value to non-nullable type. [<REPOSITORY>\src\ErpSystem.Data\ErpSystem.Data.csproj]
<REPOSITORY>\src\ErpSystem.Data\Migrations\20260802171742_TDC0613InventoryValuationReconciliation.cs(45,212): warning CS8600: Converting null literal or possible null value to non-nullable type. [<REPOSITORY>\src\ErpSystem.Data\ErpSystem.Data.csproj]
<REPOSITORY>\src\ErpSystem.Data\Migrations\20260802171742_TDC0613InventoryValuationReconciliation.cs(46,133): warning CS8600: Converting null literal or possible null value to non-nullable type. [<REPOSITORY>\src\ErpSystem.Data\ErpSystem.Data.csproj]
<REPOSITORY>\src\ErpSystem.Data\Migrations\20260802171742_TDC0613InventoryValuationReconciliation.cs(46,153): warning CS8600: Converting null literal or possible null value to non-nullable type. [<REPOSITORY>\src\ErpSystem.Data\ErpSystem.Data.csproj]
<REPOSITORY>\src\ErpSystem.Data\Migrations\20260802171742_TDC0613InventoryValuationReconciliation.cs(46,167): warning CS8600: Converting null literal or possible null value to non-nullable type. [<REPOSITORY>\src\ErpSystem.Data\ErpSystem.Data.csproj]
<REPOSITORY>\src\ErpSystem.Data\Migrations\20260802171742_TDC0613InventoryValuationReconciliation.cs(46,181): warning CS8600: Converting null literal or possible null value to non-nullable type. [<REPOSITORY>\src\ErpSystem.Data\ErpSystem.Data.csproj]
<REPOSITORY>\src\ErpSystem.Data\Migrations\20260802171742_TDC0613InventoryValuationReconciliation.cs(46,208): warning CS8600: Converting null literal or possible null value to non-nullable type. [<REPOSITORY>\src\ErpSystem.Data\ErpSystem.Data.csproj]
<REPOSITORY>\src\ErpSystem.Data\Migrations\20260802171742_TDC0613InventoryValuationReconciliation.cs(46,222): warning CS8600: Converting null literal or possible null value to non-nullable type. [<REPOSITORY>\src\ErpSystem.Data\ErpSystem.Data.csproj]
<REPOSITORY>\src\ErpSystem.Data\Migrations\20260802171742_TDC0613InventoryValuationReconciliation.cs(48,121): warning CS8600: Converting null literal or possible null value to non-nullable type. [<REPOSITORY>\src\ErpSystem.Data\ErpSystem.Data.csproj]
<REPOSITORY>\src\ErpSystem.Data\Migrations\20260802171742_TDC0613InventoryValuationReconciliation.cs(48,142): warning CS8600: Converting null literal or possible null value to non-nullable type. [<REPOSITORY>\src\ErpSystem.Data\ErpSystem.Data.csproj]
<REPOSITORY>\src\ErpSystem.Data\Migrations\20260802171742_TDC0613InventoryValuationReconciliation.cs(48,156): warning CS8600: Converting null literal or possible null value to non-nullable type. [<REPOSITORY>\src\ErpSystem.Data\ErpSystem.Data.csproj]
<REPOSITORY>\src\ErpSystem.Data\Migrations\20260802171742_TDC0613InventoryValuationReconciliation.cs(48,170): warning CS8600: Converting null literal or possible null value to non-nullable type. [<REPOSITORY>\src\ErpSystem.Data\ErpSystem.Data.csproj]
<REPOSITORY>\src\ErpSystem.Data\Migrations\20260802171742_TDC0613InventoryValuationReconciliation.cs(48,197): warning CS8600: Converting null literal or possible null value to non-nullable type. [<REPOSITORY>\src\ErpSystem.Data\ErpSystem.Data.csproj]
<REPOSITORY>\src\ErpSystem.Data\Migrations\20260802171742_TDC0613InventoryValuationReconciliation.cs(48,211): warning CS8600: Converting null literal or possible null value to non-nullable type. [<REPOSITORY>\src\ErpSystem.Data\ErpSystem.Data.csproj]
<REPOSITORY>\src\ErpSystem.Data\Migrations\20260802171742_TDC0613InventoryValuationReconciliation.cs(50,117): warning CS8600: Converting null literal or possible null value to non-nullable type. [<REPOSITORY>\src\ErpSystem.Data\ErpSystem.Data.csproj]
<REPOSITORY>\src\ErpSystem.Data\Migrations\20260802171742_TDC0613InventoryValuationReconciliation.cs(50,138): warning CS8600: Converting null literal or possible null value to non-nullable type. [<REPOSITORY>\src\ErpSystem.Data\ErpSystem.Data.csproj]
<REPOSITORY>\src\ErpSystem.Data\Migrations\20260802171742_TDC0613InventoryValuationReconciliation.cs(50,152): warning CS8600: Converting null literal or possible null value to non-nullable type. [<REPOSITORY>\src\ErpSystem.Data\ErpSystem.Data.csproj]
<REPOSITORY>\src\ErpSystem.Data\Migrations\20260802171742_TDC0613InventoryValuationReconciliation.cs(50,166): warning CS8600: Converting null literal or possible null value to non-nullable type. [<REPOSITORY>\src\ErpSystem.Data\ErpSystem.Data.csproj]
<REPOSITORY>\src\ErpSystem.Data\Migrations\20260802171742_TDC0613InventoryValuationReconciliation.cs(50,193): warning CS8600: Converting null literal or possible null value to non-nullable type. [<REPOSITORY>\src\ErpSystem.Data\ErpSystem.Data.csproj]
<REPOSITORY>\src\ErpSystem.Data\Migrations\20260802171742_TDC0613InventoryValuationReconciliation.cs(50,207): warning CS8600: Converting null literal or possible null value to non-nullable type. [<REPOSITORY>\src\ErpSystem.Data\ErpSystem.Data.csproj]
<REPOSITORY>\src\ErpSystem.Data\Migrations\20260802171742_TDC0613InventoryValuationReconciliation.cs(86,84): warning CS8600: Converting null literal or possible null value to non-nullable type. [<REPOSITORY>\src\ErpSystem.Data\ErpSystem.Data.csproj]
<REPOSITORY>\src\ErpSystem.Data\Migrations\20260802171742_TDC0613InventoryValuationReconciliation.cs(86,105): warning CS8600: Converting null literal or possible null value to non-nullable type. [<REPOSITORY>\src\ErpSystem.Data\ErpSystem.Data.csproj]
<REPOSITORY>\src\ErpSystem.Data\Migrations\20260802171742_TDC0613InventoryValuationReconciliation.cs(86,119): warning CS8600: Converting null literal or possible null value to non-nullable type. [<REPOSITORY>\src\ErpSystem.Data\ErpSystem.Data.csproj]
<REPOSITORY>\src\ErpSystem.Data\Migrations\20260802171742_TDC0613InventoryValuationReconciliation.cs(86,133): warning CS8600: Converting null literal or possible null value to non-nullable type. [<REPOSITORY>\src\ErpSystem.Data\ErpSystem.Data.csproj]
<REPOSITORY>\src\ErpSystem.Data\Migrations\20260802171742_TDC0613InventoryValuationReconciliation.cs(86,160): warning CS8600: Converting null literal or possible null value to non-nullable type. [<REPOSITORY>\src\ErpSystem.Data\ErpSystem.Data.csproj]
<REPOSITORY>\src\ErpSystem.Data\Migrations\20260802171742_TDC0613InventoryValuationReconciliation.cs(86,174): warning CS8600: Converting null literal or possible null value to non-nullable type. [<REPOSITORY>\src\ErpSystem.Data\ErpSystem.Data.csproj]
<REPOSITORY>\src\ErpSystem.Data\Migrations\20260802171742_TDC0613InventoryValuationReconciliation.cs(87,84): warning CS8600: Converting null literal or possible null value to non-nullable type. [<REPOSITORY>\src\ErpSystem.Data\ErpSystem.Data.csproj]
<REPOSITORY>\src\ErpSystem.Data\Migrations\20260802171742_TDC0613InventoryValuationReconciliation.cs(87,105): warning CS8600: Converting null literal or possible null value to non-nullable type. [<REPOSITORY>\src\ErpSystem.Data\ErpSystem.Data.csproj]
<REPOSITORY>\src\ErpSystem.Data\Migrations\20260802171742_TDC0613InventoryValuationReconciliation.cs(87,119): warning CS8600: Converting null literal or possible null value to non-nullable type. [<REPOSITORY>\src\ErpSystem.Data\ErpSystem.Data.csproj]
<REPOSITORY>\src\ErpSystem.Data\Migrations\20260802171742_TDC0613InventoryValuationReconciliation.cs(87,133): warning CS8600: Converting null literal or possible null value to non-nullable type. [<REPOSITORY>\src\ErpSystem.Data\ErpSystem.Data.csproj]
<REPOSITORY>\src\ErpSystem.Data\Migrations\20260802171742_TDC0613InventoryValuationReconciliation.cs(87,160): warning CS8600: Converting null literal or possible null value to non-nullable type. [<REPOSITORY>\src\ErpSystem.Data\ErpSystem.Data.csproj]
<REPOSITORY>\src\ErpSystem.Data\Migrations\20260802171742_TDC0613InventoryValuationReconciliation.cs(87,174): warning CS8600: Converting null literal or possible null value to non-nullable type. [<REPOSITORY>\src\ErpSystem.Data\ErpSystem.Data.csproj]
<REPOSITORY>\src\ErpSystem.Data\Migrations\20260802171742_TDC0613InventoryValuationReconciliation.cs(88,85): warning CS8600: Converting null literal or possible null value to non-nullable type. [<REPOSITORY>\src\ErpSystem.Data\ErpSystem.Data.csproj]
<REPOSITORY>\src\ErpSystem.Data\Migrations\20260802171742_TDC0613InventoryValuationReconciliation.cs(88,106): warning CS8600: Converting null literal or possible null value to non-nullable type. [<REPOSITORY>\src\ErpSystem.Data\ErpSystem.Data.csproj]
<REPOSITORY>\src\ErpSystem.Data\Migrations\20260802171742_TDC0613InventoryValuationReconciliation.cs(88,120): warning CS8600: Converting null literal or possible null value to non-nullable type. [<REPOSITORY>\src\ErpSystem.Data\ErpSystem.Data.csproj]
<REPOSITORY>\src\ErpSystem.Data\Migrations\20260802171742_TDC0613InventoryValuationReconciliation.cs(88,134): warning CS8600: Converting null literal or possible null value to non-nullable type. [<REPOSITORY>\src\ErpSystem.Data\ErpSystem.Data.csproj]
<REPOSITORY>\src\ErpSystem.Data\Migrations\20260802171742_TDC0613InventoryValuationReconciliation.cs(88,161): warning CS8600: Converting null literal or possible null value to non-nullable type. [<REPOSITORY>\src\ErpSystem.Data\ErpSystem.Data.csproj]
<REPOSITORY>\src\ErpSystem.Data\Migrations\20260802171742_TDC0613InventoryValuationReconciliation.cs(88,175): warning CS8600: Converting null literal or possible null value to non-nullable type. [<REPOSITORY>\src\ErpSystem.Data\ErpSystem.Data.csproj]
<REPOSITORY>\src\ErpSystem.Data\Migrations\20260802171742_TDC0613InventoryValuationReconciliation.cs(89,85): warning CS8600: Converting null literal or possible null value to non-nullable type. [<REPOSITORY>\src\ErpSystem.Data\ErpSystem.Data.csproj]
<REPOSITORY>\src\ErpSystem.Data\Migrations\20260802171742_TDC0613InventoryValuationReconciliation.cs(89,105): warning CS8600: Converting null literal or possible null value to non-nullable type. [<REPOSITORY>\src\ErpSystem.Data\ErpSystem.Data.csproj]
<REPOSITORY>\src\ErpSystem.Data\Migrations\20260802171742_TDC0613InventoryValuationReconciliation.cs(89,119): warning CS8600: Converting null literal or possible null value to non-nullable type. [<REPOSITORY>\src\ErpSystem.Data\ErpSystem.Data.csproj]
<REPOSITORY>\src\ErpSystem.Data\Migrations\20260802171742_TDC0613InventoryValuationReconciliation.cs(89,133): warning CS8600: Converting null literal or possible null value to non-nullable type. [<REPOSITORY>\src\ErpSystem.Data\ErpSystem.Data.csproj]
<REPOSITORY>\src\ErpSystem.Data\Migrations\20260802171742_TDC0613InventoryValuationReconciliation.cs(89,160): warning CS8600: Converting null literal or possible null value to non-nullable type. [<REPOSITORY>\src\ErpSystem.Data\ErpSystem.Data.csproj]
<REPOSITORY>\src\ErpSystem.Data\Migrations\20260802171742_TDC0613InventoryValuationReconciliation.cs(89,174): warning CS8600: Converting null literal or possible null value to non-nullable type. [<REPOSITORY>\src\ErpSystem.Data\ErpSystem.Data.csproj]
<REPOSITORY>\src\ErpSystem.Data\Migrations\20260802171742_TDC0613InventoryValuationReconciliation.cs(90,87): warning CS8600: Converting null literal or possible null value to non-nullable type. [<REPOSITORY>\src\ErpSystem.Data\ErpSystem.Data.csproj]
<REPOSITORY>\src\ErpSystem.Data\Migrations\20260802171742_TDC0613InventoryValuationReconciliation.cs(90,107): warning CS8600: Converting null literal or possible null value to non-nullable type. [<REPOSITORY>\src\ErpSystem.Data\ErpSystem.Data.csproj]
<REPOSITORY>\src\ErpSystem.Data\Migrations\20260802171742_TDC0613InventoryValuationReconciliation.cs(90,121): warning CS8600: Converting null literal or possible null value to non-nullable type. [<REPOSITORY>\src\ErpSystem.Data\ErpSystem.Data.csproj]
<REPOSITORY>\src\ErpSystem.Data\Migrations\20260802171742_TDC0613InventoryValuationReconciliation.cs(90,135): warning CS8600: Converting null literal or possible null value to non-nullable type. [<REPOSITORY>\src\ErpSystem.Data\ErpSystem.Data.csproj]
<REPOSITORY>\src\ErpSystem.Data\Migrations\20260802171742_TDC0613InventoryValuationReconciliation.cs(90,162): warning CS8600: Converting null literal or possible null value to non-nullable type. [<REPOSITORY>\src\ErpSystem.Data\ErpSystem.Data.csproj]
<REPOSITORY>\src\ErpSystem.Data\Migrations\20260802171742_TDC0613InventoryValuationReconciliation.cs(90,176): warning CS8600: Converting null literal or possible null value to non-nullable type. [<REPOSITORY>\src\ErpSystem.Data\ErpSystem.Data.csproj]
<REPOSITORY>\src\ErpSystem.Data\Migrations\20260802171742_TDC0613InventoryValuationReconciliation.cs(91,87): warning CS8600: Converting null literal or possible null value to non-nullable type. [<REPOSITORY>\src\ErpSystem.Data\ErpSystem.Data.csproj]
<REPOSITORY>\src\ErpSystem.Data\Migrations\20260802171742_TDC0613InventoryValuationReconciliation.cs(91,107): warning CS8600: Converting null literal or possible null value to non-nullable type. [<REPOSITORY>\src\ErpSystem.Data\ErpSystem.Data.csproj]
<REPOSITORY>\src\ErpSystem.Data\Migrations\20260802171742_TDC0613InventoryValuationReconciliation.cs(91,121): warning CS8600: Converting null literal or possible null value to non-nullable type. [<REPOSITORY>\src\ErpSystem.Data\ErpSystem.Data.csproj]
<REPOSITORY>\src\ErpSystem.Data\Migrations\20260802171742_TDC0613InventoryValuationReconciliation.cs(91,135): warning CS8600: Converting null literal or possible null value to non-nullable type. [<REPOSITORY>\src\ErpSystem.Data\ErpSystem.Data.csproj]
<REPOSITORY>\src\ErpSystem.Data\Migrations\20260802171742_TDC0613InventoryValuationReconciliation.cs(91,162): warning CS8600: Converting null literal or possible null value to non-nullable type. [<REPOSITORY>\src\ErpSystem.Data\ErpSystem.Data.csproj]
<REPOSITORY>\src\ErpSystem.Data\Migrations\20260802171742_TDC0613InventoryValuationReconciliation.cs(91,176): warning CS8600: Converting null literal or possible null value to non-nullable type. [<REPOSITORY>\src\ErpSystem.Data\ErpSystem.Data.csproj]
<REPOSITORY>\src\ErpSystem.Data\Migrations\20260802171742_TDC0613InventoryValuationReconciliation.cs(92,90): warning CS8600: Converting null literal or possible null value to non-nullable type. [<REPOSITORY>\src\ErpSystem.Data\ErpSystem.Data.csproj]
<REPOSITORY>\src\ErpSystem.Data\Migrations\20260802171742_TDC0613InventoryValuationReconciliation.cs(92,110): warning CS8600: Converting null literal or possible null value to non-nullable type. [<REPOSITORY>\src\ErpSystem.Data\ErpSystem.Data.csproj]
<REPOSITORY>\src\ErpSystem.Data\Migrations\20260802171742_TDC0613InventoryValuationReconciliation.cs(92,124): warning CS8600: Converting null literal or possible null value to non-nullable type. [<REPOSITORY>\src\ErpSystem.Data\ErpSystem.Data.csproj]
<REPOSITORY>\src\ErpSystem.Data\Migrations\20260802171742_TDC0613InventoryValuationReconciliation.cs(92,138): warning CS8600: Converting null literal or possible null value to non-nullable type. [<REPOSITORY>\src\ErpSystem.Data\ErpSystem.Data.csproj]
<REPOSITORY>\src\ErpSystem.Data\Migrations\20260802171742_TDC0613InventoryValuationReconciliation.cs(92,165): warning CS8600: Converting null literal or possible null value to non-nullable type. [<REPOSITORY>\src\ErpSystem.Data\ErpSystem.Data.csproj]
<REPOSITORY>\src\ErpSystem.Data\Migrations\20260802171742_TDC0613InventoryValuationReconciliation.cs(92,179): warning CS8600: Converting null literal or possible null value to non-nullable type. [<REPOSITORY>\src\ErpSystem.Data\ErpSystem.Data.csproj]
<REPOSITORY>\src\ErpSystem.Data\Migrations\20260802171742_TDC0613InventoryValuationReconciliation.cs(93,95): warning CS8600: Converting null literal or possible null value to non-nullable type. [<REPOSITORY>\src\ErpSystem.Data\ErpSystem.Data.csproj]
<REPOSITORY>\src\ErpSystem.Data\Migrations\20260802171742_TDC0613InventoryValuationReconciliation.cs(93,115): warning CS8600: Converting null literal or possible null value to non-nullable type. [<REPOSITORY>\src\ErpSystem.Data\ErpSystem.Data.csproj]
<REPOSITORY>\src\ErpSystem.Data\Migrations\20260802171742_TDC0613InventoryValuationReconciliation.cs(93,129): warning CS8600: Converting null literal or possible null value to non-nullable type. [<REPOSITORY>\src\ErpSystem.Data\ErpSystem.Data.csproj]
<REPOSITORY>\src\ErpSystem.Data\Migrations\20260802171742_TDC0613InventoryValuationReconciliation.cs(93,143): warning CS8600: Converting null literal or possible null value to non-nullable type. [<REPOSITORY>\src\ErpSystem.Data\ErpSystem.Data.csproj]
<REPOSITORY>\src\ErpSystem.Data\Migrations\20260802171742_TDC0613InventoryValuationReconciliation.cs(93,170): warning CS8600: Converting null literal or possible null value to non-nullable type. [<REPOSITORY>\src\ErpSystem.Data\ErpSystem.Data.csproj]
<REPOSITORY>\src\ErpSystem.Data\Migrations\20260802171742_TDC0613InventoryValuationReconciliation.cs(93,184): warning CS8600: Converting null literal or possible null value to non-nullable type. [<REPOSITORY>\src\ErpSystem.Data\ErpSystem.Data.csproj]
<REPOSITORY>\src\ErpSystem.Data\Migrations\20260802171742_TDC0613InventoryValuationReconciliation.cs(94,75): warning CS8600: Converting null literal or possible null value to non-nullable type. [<REPOSITORY>\src\ErpSystem.Data\ErpSystem.Data.csproj]
<REPOSITORY>\src\ErpSystem.Data\Migrations\20260802171742_TDC0613InventoryValuationReconciliation.cs(94,96): warning CS8600: Converting null literal or possible null value to non-nullable type. [<REPOSITORY>\src\ErpSystem.Data\ErpSystem.Data.csproj]
<REPOSITORY>\src\ErpSystem.Data\Migrations\20260802171742_TDC0613InventoryValuationReconciliation.cs(94,110): warning CS8600: Converting null literal or possible null value to non-nullable type. [<REPOSITORY>\src\ErpSystem.Data\ErpSystem.Data.csproj]
<REPOSITORY>\src\ErpSystem.Data\Migrations\20260802171742_TDC0613InventoryValuationReconciliation.cs(94,124): warning CS8600: Converting null literal or possible null value to non-nullable type. [<REPOSITORY>\src\ErpSystem.Data\ErpSystem.Data.csproj]
<REPOSITORY>\src\ErpSystem.Data\Migrations\20260802171742_TDC0613InventoryValuationReconciliation.cs(94,151): warning CS8600: Converting null literal or possible null value to non-nullable type. [<REPOSITORY>\src\ErpSystem.Data\ErpSystem.Data.csproj]
<REPOSITORY>\src\ErpSystem.Data\Migrations\20260802171742_TDC0613InventoryValuationReconciliation.cs(94,165): warning CS8600: Converting null literal or possible null value to non-nullable type. [<REPOSITORY>\src\ErpSystem.Data\ErpSystem.Data.csproj]
<REPOSITORY>\src\ErpSystem.Data\Migrations\20260802171742_TDC0613InventoryValuationReconciliation.cs(95,85): warning CS8600: Converting null literal or possible null value to non-nullable type. [<REPOSITORY>\src\ErpSystem.Data\ErpSystem.Data.csproj]
<REPOSITORY>\src\ErpSystem.Data\Migrations\20260802171742_TDC0613InventoryValuationReconciliation.cs(95,105): warning CS8600: Converting null literal or possible null value to non-nullable type. [<REPOSITORY>\src\ErpSystem.Data\ErpSystem.Data.csproj]
<REPOSITORY>\src\ErpSystem.Data\Migrations\20260802171742_TDC0613InventoryValuationReconciliation.cs(95,119): warning CS8600: Converting null literal or possible null value to non-nullable type. [<REPOSITORY>\src\ErpSystem.Data\ErpSystem.Data.csproj]
<REPOSITORY>\src\ErpSystem.Data\Migrations\20260802171742_TDC0613InventoryValuationReconciliation.cs(95,133): warning CS8600: Converting null literal or possible null value to non-nullable type. [<REPOSITORY>\src\ErpSystem.Data\ErpSystem.Data.csproj]
<REPOSITORY>\src\ErpSystem.Data\Migrations\20260802171742_TDC0613InventoryValuationReconciliation.cs(95,160): warning CS8600: Converting null literal or possible null value to non-nullable type. [<REPOSITORY>\src\ErpSystem.Data\ErpSystem.Data.csproj]
<REPOSITORY>\src\ErpSystem.Data\Migrations\20260802171742_TDC0613InventoryValuationReconciliation.cs(95,174): warning CS8600: Converting null literal or possible null value to non-nullable type. [<REPOSITORY>\src\ErpSystem.Data\ErpSystem.Data.csproj]
<REPOSITORY>\src\ErpSystem.Data\Migrations\20260802171742_TDC0613InventoryValuationReconciliation.cs(96,87): warning CS8600: Converting null literal or possible null value to non-nullable type. [<REPOSITORY>\src\ErpSystem.Data\ErpSystem.Data.csproj]
<REPOSITORY>\src\ErpSystem.Data\Migrations\20260802171742_TDC0613InventoryValuationReconciliation.cs(96,107): warning CS8600: Converting null literal or possible null value to non-nullable type. [<REPOSITORY>\src\ErpSystem.Data\ErpSystem.Data.csproj]
<REPOSITORY>\src\ErpSystem.Data\Migrations\20260802171742_TDC0613InventoryValuationReconciliation.cs(96,121): warning CS8600: Converting null literal or possible null value to non-nullable type. [<REPOSITORY>\src\ErpSystem.Data\ErpSystem.Data.csproj]
<REPOSITORY>\src\ErpSystem.Data\Migrations\20260802171742_TDC0613InventoryValuationReconciliation.cs(96,135): warning CS8600: Converting null literal or possible null value to non-nullable type. [<REPOSITORY>\src\ErpSystem.Data\ErpSystem.Data.csproj]
<REPOSITORY>\src\ErpSystem.Data\Migrations\20260802171742_TDC0613InventoryValuationReconciliation.cs(96,162): warning CS8600: Converting null literal or possible null value to non-nullable type. [<REPOSITORY>\src\ErpSystem.Data\ErpSystem.Data.csproj]
<REPOSITORY>\src\ErpSystem.Data\Migrations\20260802171742_TDC0613InventoryValuationReconciliation.cs(96,176): warning CS8600: Converting null literal or possible null value to non-nullable type. [<REPOSITORY>\src\ErpSystem.Data\ErpSystem.Data.csproj]
<REPOSITORY>\src\ErpSystem.Data\Migrations\20260802171742_TDC0613InventoryValuationReconciliation.cs(97,87): warning CS8600: Converting null literal or possible null value to non-nullable type. [<REPOSITORY>\src\ErpSystem.Data\ErpSystem.Data.csproj]
<REPOSITORY>\src\ErpSystem.Data\Migrations\20260802171742_TDC0613InventoryValuationReconciliation.cs(97,108): warning CS8600: Converting null literal or possible null value to non-nullable type. [<REPOSITORY>\src\ErpSystem.Data\ErpSystem.Data.csproj]
<REPOSITORY>\src\ErpSystem.Data\Migrations\20260802171742_TDC0613InventoryValuationReconciliation.cs(97,122): warning CS8600: Converting null literal or possible null value to non-nullable type. [<REPOSITORY>\src\ErpSystem.Data\ErpSystem.Data.csproj]
<REPOSITORY>\src\ErpSystem.Data\Migrations\20260802171742_TDC0613InventoryValuationReconciliation.cs(97,136): warning CS8600: Converting null literal or possible null value to non-nullable type. [<REPOSITORY>\src\ErpSystem.Data\ErpSystem.Data.csproj]
<REPOSITORY>\src\ErpSystem.Data\Migrations\20260802171742_TDC0613InventoryValuationReconciliation.cs(97,163): warning CS8600: Converting null literal or possible null value to non-nullable type. [<REPOSITORY>\src\ErpSystem.Data\ErpSystem.Data.csproj]
<REPOSITORY>\src\ErpSystem.Data\Migrations\20260802171742_TDC0613InventoryValuationReconciliation.cs(97,177): warning CS8600: Converting null literal or possible null value to non-nullable type. [<REPOSITORY>\src\ErpSystem.Data\ErpSystem.Data.csproj]
<REPOSITORY>\src\ErpSystem.Data\Migrations\20260802171742_TDC0613InventoryValuationReconciliation.cs(108,156): warning CS8600: Converting null literal or possible null value to non-nullable type. [<REPOSITORY>\src\ErpSystem.Data\ErpSystem.Data.csproj]
<REPOSITORY>\src\ErpSystem.Data\Migrations\20260802171742_TDC0613InventoryValuationReconciliation.cs(109,144): warning CS8600: Converting null literal or possible null value to non-nullable type. [<REPOSITORY>\src\ErpSystem.Data\ErpSystem.Data.csproj]
<REPOSITORY>\src\ErpSystem.Data\Migrations\20260802171742_TDC0613InventoryValuationReconciliation.cs(110,158): warning CS8600: Converting null literal or possible null value to non-nullable type. [<REPOSITORY>\src\ErpSystem.Data\ErpSystem.Data.csproj]
<REPOSITORY>\src\ErpSystem.Data\Migrations\20260802171742_TDC0613InventoryValuationReconciliation.cs(111,120): warning CS8600: Converting null literal or possible null value to non-nullable type. [<REPOSITORY>\src\ErpSystem.Data\ErpSystem.Data.csproj]
<REPOSITORY>\src\ErpSystem.Data\Migrations\20260802171742_TDC0613InventoryValuationReconciliation.cs(161,6): warning CS8600: Converting null literal or possible null value to non-nullable type. [<REPOSITORY>\src\ErpSystem.Data\ErpSystem.Data.csproj]
<REPOSITORY>\src\ErpSystem.Data\Migrations\20260802171742_TDC0613InventoryValuationReconciliation.cs(168,6): warning CS8600: Converting null literal or possible null value to non-nullable type. [<REPOSITORY>\src\ErpSystem.Data\ErpSystem.Data.csproj]
<REPOSITORY>\src\ErpSystem.Data\Migrations\20260802171742_TDC0613InventoryValuationReconciliation.cs(115,117): warning CS8600: Converting null literal or possible null value to non-nullable type. [<REPOSITORY>\src\ErpSystem.Data\ErpSystem.Data.csproj]
<REPOSITORY>\src\ErpSystem.Data\Migrations\20260802171742_TDC0613InventoryValuationReconciliation.cs(115,138): warning CS8600: Converting null literal or possible null value to non-nullable type. [<REPOSITORY>\src\ErpSystem.Data\ErpSystem.Data.csproj]
<REPOSITORY>\src\ErpSystem.Data\Migrations\20260802171742_TDC0613InventoryValuationReconciliation.cs(115,152): warning CS8600: Converting null literal or possible null value to non-nullable type. [<REPOSITORY>\src\ErpSystem.Data\ErpSystem.Data.csproj]
<REPOSITORY>\src\ErpSystem.Data\Migrations\20260802171742_TDC0613InventoryValuationReconciliation.cs(115,166): warning CS8600: Converting null literal or possible null value to non-nullable type. [<REPOSITORY>\src\ErpSystem.Data\ErpSystem.Data.csproj]
<REPOSITORY>\src\ErpSystem.Data\Migrations\20260802171742_TDC0613InventoryValuationReconciliation.cs(115,193): warning CS8600: Converting null literal or possible null value to non-nullable type. [<REPOSITORY>\src\ErpSystem.Data\ErpSystem.Data.csproj]
<REPOSITORY>\src\ErpSystem.Data\Migrations\20260802171742_TDC0613InventoryValuationReconciliation.cs(115,207): warning CS8600: Converting null literal or possible null value to non-nullable type. [<REPOSITORY>\src\ErpSystem.Data\ErpSystem.Data.csproj]
<REPOSITORY>\src\ErpSystem.Data\Migrations\20260802171742_TDC0613InventoryValuationReconciliation.cs(116,131): warning CS8600: Converting null literal or possible null value to non-nullable type. [<REPOSITORY>\src\ErpSystem.Data\ErpSystem.Data.csproj]
<REPOSITORY>\src\ErpSystem.Data\Migrations\20260802171742_TDC0613InventoryValuationReconciliation.cs(116,152): warning CS8600: Converting null literal or possible null value to non-nullable type. [<REPOSITORY>\src\ErpSystem.Data\ErpSystem.Data.csproj]
<REPOSITORY>\src\ErpSystem.Data\Migrations\20260802171742_TDC0613InventoryValuationReconciliation.cs(116,166): warning CS8600: Converting null literal or possible null value to non-nullable type. [<REPOSITORY>\src\ErpSystem.Data\ErpSystem.Data.csproj]
<REPOSITORY>\src\ErpSystem.Data\Migrations\20260802171742_TDC0613InventoryValuationReconciliation.cs(116,180): warning CS8600: Converting null literal or possible null value to non-nullable type. [<REPOSITORY>\src\ErpSystem.Data\ErpSystem.Data.csproj]
<REPOSITORY>\src\ErpSystem.Data\Migrations\20260802171742_TDC0613InventoryValuationReconciliation.cs(116,207): warning CS8600: Converting null literal or possible null value to non-nullable type. [<REPOSITORY>\src\ErpSystem.Data\ErpSystem.Data.csproj]
<REPOSITORY>\src\ErpSystem.Data\Migrations\20260802171742_TDC0613InventoryValuationReconciliation.cs(116,221): warning CS8600: Converting null literal or possible null value to non-nullable type. [<REPOSITORY>\src\ErpSystem.Data\ErpSystem.Data.csproj]
<REPOSITORY>\src\ErpSystem.Data\Migrations\20260802171742_TDC0613InventoryValuationReconciliation.cs(117,109): warning CS8600: Converting null literal or possible null value to non-nullable type. [<REPOSITORY>\src\ErpSystem.Data\ErpSystem.Data.csproj]
<REPOSITORY>\src\ErpSystem.Data\Migrations\20260802171742_TDC0613InventoryValuationReconciliation.cs(117,130): warning CS8600: Converting null literal or possible null value to non-nullable type. [<REPOSITORY>\src\ErpSystem.Data\ErpSystem.Data.csproj]
<REPOSITORY>\src\ErpSystem.Data\Migrations\20260802171742_TDC0613InventoryValuationReconciliation.cs(117,144): warning CS8600: Converting null literal or possible null value to non-nullable type. [<REPOSITORY>\src\ErpSystem.Data\ErpSystem.Data.csproj]
<REPOSITORY>\src\ErpSystem.Data\Migrations\20260802171742_TDC0613InventoryValuationReconciliation.cs(117,158): warning CS8600: Converting null literal or possible null value to non-nullable type. [<REPOSITORY>\src\ErpSystem.Data\ErpSystem.Data.csproj]
<REPOSITORY>\src\ErpSystem.Data\Migrations\20260802171742_TDC0613InventoryValuationReconciliation.cs(117,185): warning CS8600: Converting null literal or possible null value to non-nullable type. [<REPOSITORY>\src\ErpSystem.Data\ErpSystem.Data.csproj]
<REPOSITORY>\src\ErpSystem.Data\Migrations\20260802171742_TDC0613InventoryValuationReconciliation.cs(117,199): warning CS8600: Converting null literal or possible null value to non-nullable type. [<REPOSITORY>\src\ErpSystem.Data\ErpSystem.Data.csproj]
<REPOSITORY>\src\ErpSystem.Data\Migrations\20260802171742_TDC0613InventoryValuationReconciliation.cs(118,111): warning CS8600: Converting null literal or possible null value to non-nullable type. [<REPOSITORY>\src\ErpSystem.Data\ErpSystem.Data.csproj]
<REPOSITORY>\src\ErpSystem.Data\Migrations\20260802171742_TDC0613InventoryValuationReconciliation.cs(118,132): warning CS8600: Converting null literal or possible null value to non-nullable type. [<REPOSITORY>\src\ErpSystem.Data\ErpSystem.Data.csproj]
<REPOSITORY>\src\ErpSystem.Data\Migrations\20260802171742_TDC0613InventoryValuationReconciliation.cs(118,146): warning CS8600: Converting null literal or possible null value to non-nullable type. [<REPOSITORY>\src\ErpSystem.Data\ErpSystem.Data.csproj]
<REPOSITORY>\src\ErpSystem.Data\Migrations\20260802171742_TDC0613InventoryValuationReconciliation.cs(118,160): warning CS8600: Converting null literal or possible null value to non-nullable type. [<REPOSITORY>\src\ErpSystem.Data\ErpSystem.Data.csproj]
<REPOSITORY>\src\ErpSystem.Data\Migrations\20260802171742_TDC0613InventoryValuationReconciliation.cs(118,187): warning CS8600: Converting null literal or possible null value to non-nullable type. [<REPOSITORY>\src\ErpSystem.Data\ErpSystem.Data.csproj]
<REPOSITORY>\src\ErpSystem.Data\Migrations\20260802171742_TDC0613InventoryValuationReconciliation.cs(118,201): warning CS8600: Converting null literal or possible null value to non-nullable type. [<REPOSITORY>\src\ErpSystem.Data\ErpSystem.Data.csproj]
<REPOSITORY>\src\ErpSystem.Data\Migrations\20260802171742_TDC0613InventoryValuationReconciliation.cs(119,115): warning CS8600: Converting null literal or possible null value to non-nullable type. [<REPOSITORY>\src\ErpSystem.Data\ErpSystem.Data.csproj]
<REPOSITORY>\src\ErpSystem.Data\Migrations\20260802171742_TDC0613InventoryValuationReconciliation.cs(119,135): warning CS8600: Converting null literal or possible null value to non-nullable type. [<REPOSITORY>\src\ErpSystem.Data\ErpSystem.Data.csproj]
<REPOSITORY>\src\ErpSystem.Data\Migrations\20260802171742_TDC0613InventoryValuationReconciliation.cs(119,149): warning CS8600: Converting null literal or possible null value to non-nullable type. [<REPOSITORY>\src\ErpSystem.Data\ErpSystem.Data.csproj]
<REPOSITORY>\src\ErpSystem.Data\Migrations\20260802171742_TDC0613InventoryValuationReconciliation.cs(119,163): warning CS8600: Converting null literal or possible null value to non-nullable type. [<REPOSITORY>\src\ErpSystem.Data\ErpSystem.Data.csproj]
<REPOSITORY>\src\ErpSystem.Data\Migrations\20260802171742_TDC0613InventoryValuationReconciliation.cs(119,190): warning CS8600: Converting null literal or possible null value to non-nullable type. [<REPOSITORY>\src\ErpSystem.Data\ErpSystem.Data.csproj]
<REPOSITORY>\src\ErpSystem.Data\Migrations\20260802171742_TDC0613InventoryValuationReconciliation.cs(119,204): warning CS8600: Converting null literal or possible null value to non-nullable type. [<REPOSITORY>\src\ErpSystem.Data\ErpSystem.Data.csproj]
<REPOSITORY>\src\ErpSystem.Data\Migrations\20260802171742_TDC0613InventoryValuationReconciliation.cs(120,110): warning CS8600: Converting null literal or possible null value to non-nullable type. [<REPOSITORY>\src\ErpSystem.Data\ErpSystem.Data.csproj]
<REPOSITORY>\src\ErpSystem.Data\Migrations\20260802171742_TDC0613InventoryValuationReconciliation.cs(120,131): warning CS8600: Converting null literal or possible null value to non-nullable type. [<REPOSITORY>\src\ErpSystem.Data\ErpSystem.Data.csproj]
<REPOSITORY>\src\ErpSystem.Data\Migrations\20260802171742_TDC0613InventoryValuationReconciliation.cs(120,145): warning CS8600: Converting null literal or possible null value to non-nullable type. [<REPOSITORY>\src\ErpSystem.Data\ErpSystem.Data.csproj]
<REPOSITORY>\src\ErpSystem.Data\Migrations\20260802171742_TDC0613InventoryValuationReconciliation.cs(120,159): warning CS8600: Converting null literal or possible null value to non-nullable type. [<REPOSITORY>\src\ErpSystem.Data\ErpSystem.Data.csproj]
<REPOSITORY>\src\ErpSystem.Data\Migrations\20260802171742_TDC0613InventoryValuationReconciliation.cs(120,186): warning CS8600: Converting null literal or possible null value to non-nullable type. [<REPOSITORY>\src\ErpSystem.Data\ErpSystem.Data.csproj]
<REPOSITORY>\src\ErpSystem.Data\Migrations\20260802171742_TDC0613InventoryValuationReconciliation.cs(120,200): warning CS8600: Converting null literal or possible null value to non-nullable type. [<REPOSITORY>\src\ErpSystem.Data\ErpSystem.Data.csproj]
<REPOSITORY>\src\ErpSystem.Data\Migrations\20260802171742_TDC0613InventoryValuationReconciliation.cs(121,126): warning CS8600: Converting null literal or possible null value to non-nullable type. [<REPOSITORY>\src\ErpSystem.Data\ErpSystem.Data.csproj]
<REPOSITORY>\src\ErpSystem.Data\Migrations\20260802171742_TDC0613InventoryValuationReconciliation.cs(121,147): warning CS8600: Converting null literal or possible null value to non-nullable type. [<REPOSITORY>\src\ErpSystem.Data\ErpSystem.Data.csproj]
<REPOSITORY>\src\ErpSystem.Data\Migrations\20260802171742_TDC0613InventoryValuationReconciliation.cs(121,161): warning CS8600: Converting null literal or possible null value to non-nullable type. [<REPOSITORY>\src\ErpSystem.Data\ErpSystem.Data.csproj]
<REPOSITORY>\src\ErpSystem.Data\Migrations\20260802171742_TDC0613InventoryValuationReconciliation.cs(121,175): warning CS8600: Converting null literal or possible null value to non-nullable type. [<REPOSITORY>\src\ErpSystem.Data\ErpSystem.Data.csproj]
<REPOSITORY>\src\ErpSystem.Data\Migrations\20260802171742_TDC0613InventoryValuationReconciliation.cs(121,202): warning CS8600: Converting null literal or possible null value to non-nullable type. [<REPOSITORY>\src\ErpSystem.Data\ErpSystem.Data.csproj]
<REPOSITORY>\src\ErpSystem.Data\Migrations\20260802171742_TDC0613InventoryValuationReconciliation.cs(121,216): warning CS8600: Converting null literal or possible null value to non-nullable type. [<REPOSITORY>\src\ErpSystem.Data\ErpSystem.Data.csproj]
<REPOSITORY>\src\ErpSystem.Data\Migrations\20260802171742_TDC0613InventoryValuationReconciliation.cs(122,125): warning CS8600: Converting null literal or possible null value to non-nullable type. [<REPOSITORY>\src\ErpSystem.Data\ErpSystem.Data.csproj]
<REPOSITORY>\src\ErpSystem.Data\Migrations\20260802171742_TDC0613InventoryValuationReconciliation.cs(122,146): warning CS8600: Converting null literal or possible null value to non-nullable type. [<REPOSITORY>\src\ErpSystem.Data\ErpSystem.Data.csproj]
<REPOSITORY>\src\ErpSystem.Data\Migrations\20260802171742_TDC0613InventoryValuationReconciliation.cs(122,160): warning CS8600: Converting null literal or possible null value to non-nullable type. [<REPOSITORY>\src\ErpSystem.Data\ErpSystem.Data.csproj]
<REPOSITORY>\src\ErpSystem.Data\Migrations\20260802171742_TDC0613InventoryValuationReconciliation.cs(122,174): warning CS8600: Converting null literal or possible null value to non-nullable type. [<REPOSITORY>\src\ErpSystem.Data\ErpSystem.Data.csproj]
<REPOSITORY>\src\ErpSystem.Data\Migrations\20260802171742_TDC0613InventoryValuationReconciliation.cs(122,201): warning CS8600: Converting null literal or possible null value to non-nullable type. [<REPOSITORY>\src\ErpSystem.Data\ErpSystem.Data.csproj]
<REPOSITORY>\src\ErpSystem.Data\Migrations\20260802171742_TDC0613InventoryValuationReconciliation.cs(122,215): warning CS8600: Converting null literal or possible null value to non-nullable type. [<REPOSITORY>\src\ErpSystem.Data\ErpSystem.Data.csproj]
<REPOSITORY>\src\ErpSystem.Data\Migrations\20260802171742_TDC0613InventoryValuationReconciliation.cs(124,121): warning CS8600: Converting null literal or possible null value to non-nullable type. [<REPOSITORY>\src\ErpSystem.Data\ErpSystem.Data.csproj]
<REPOSITORY>\src\ErpSystem.Data\Migrations\20260802171742_TDC0613InventoryValuationReconciliation.cs(124,142): warning CS8600: Converting null literal or possible null value to non-nullable type. [<REPOSITORY>\src\ErpSystem.Data\ErpSystem.Data.csproj]
<REPOSITORY>\src\ErpSystem.Data\Migrations\20260802171742_TDC0613InventoryValuationReconciliation.cs(124,156): warning CS8600: Converting null literal or possible null value to non-nullable type. [<REPOSITORY>\src\ErpSystem.Data\ErpSystem.Data.csproj]
<REPOSITORY>\src\ErpSystem.Data\Migrations\20260802171742_TDC0613InventoryValuationReconciliation.cs(124,170): warning CS8600: Converting null literal or possible null value to non-nullable type. [<REPOSITORY>\src\ErpSystem.Data\ErpSystem.Data.csproj]
<REPOSITORY>\src\ErpSystem.Data\Migrations\20260802171742_TDC0613InventoryValuationReconciliation.cs(124,197): warning CS8600: Converting null literal or possible null value to non-nullable type. [<REPOSITORY>\src\ErpSystem.Data\ErpSystem.Data.csproj]
<REPOSITORY>\src\ErpSystem.Data\Migrations\20260802171742_TDC0613InventoryValuationReconciliation.cs(124,211): warning CS8600: Converting null literal or possible null value to non-nullable type. [<REPOSITORY>\src\ErpSystem.Data\ErpSystem.Data.csproj]
<REPOSITORY>\src\ErpSystem.Data\Migrations\20260802171742_TDC0613InventoryValuationReconciliation.cs(126,117): warning CS8600: Converting null literal or possible null value to non-nullable type. [<REPOSITORY>\src\ErpSystem.Data\ErpSystem.Data.csproj]
<REPOSITORY>\src\ErpSystem.Data\Migrations\20260802171742_TDC0613InventoryValuationReconciliation.cs(126,138): warning CS8600: Converting null literal or possible null value to non-nullable type. [<REPOSITORY>\src\ErpSystem.Data\ErpSystem.Data.csproj]
<REPOSITORY>\src\ErpSystem.Data\Migrations\20260802171742_TDC0613InventoryValuationReconciliation.cs(126,152): warning CS8600: Converting null literal or possible null value to non-nullable type. [<REPOSITORY>\src\ErpSystem.Data\ErpSystem.Data.csproj]
<REPOSITORY>\src\ErpSystem.Data\Migrations\20260802171742_TDC0613InventoryValuationReconciliation.cs(126,166): warning CS8600: Converting null literal or possible null value to non-nullable type. [<REPOSITORY>\src\ErpSystem.Data\ErpSystem.Data.csproj]
<REPOSITORY>\src\ErpSystem.Data\Migrations\20260802171742_TDC0613InventoryValuationReconciliation.cs(126,193): warning CS8600: Converting null literal or possible null value to non-nullable type. [<REPOSITORY>\src\ErpSystem.Data\ErpSystem.Data.csproj]
<REPOSITORY>\src\ErpSystem.Data\Migrations\20260802171742_TDC0613InventoryValuationReconciliation.cs(126,207): warning CS8600: Converting null literal or possible null value to non-nullable type. [<REPOSITORY>\src\ErpSystem.Data\ErpSystem.Data.csproj]
<REPOSITORY>\src\ErpSystem.Data\Migrations\20260802171742_TDC0613InventoryValuationReconciliation.cs(128,120): warning CS8600: Converting null literal or possible null value to non-nullable type. [<REPOSITORY>\src\ErpSystem.Data\ErpSystem.Data.csproj]
<REPOSITORY>\src\ErpSystem.Data\Migrations\20260802171742_TDC0613InventoryValuationReconciliation.cs(128,141): warning CS8600: Converting null literal or possible null value to non-nullable type. [<REPOSITORY>\src\ErpSystem.Data\ErpSystem.Data.csproj]
<REPOSITORY>\src\ErpSystem.Data\Migrations\20260802171742_TDC0613InventoryValuationReconciliation.cs(128,155): warning CS8600: Converting null literal or possible null value to non-nullable type. [<REPOSITORY>\src\ErpSystem.Data\ErpSystem.Data.csproj]
<REPOSITORY>\src\ErpSystem.Data\Migrations\20260802171742_TDC0613InventoryValuationReconciliation.cs(128,169): warning CS8600: Converting null literal or possible null value to non-nullable type. [<REPOSITORY>\src\ErpSystem.Data\ErpSystem.Data.csproj]
<REPOSITORY>\src\ErpSystem.Data\Migrations\20260802171742_TDC0613InventoryValuationReconciliation.cs(128,196): warning CS8600: Converting null literal or possible null value to non-nullable type. [<REPOSITORY>\src\ErpSystem.Data\ErpSystem.Data.csproj]
<REPOSITORY>\src\ErpSystem.Data\Migrations\20260802171742_TDC0613InventoryValuationReconciliation.cs(128,210): warning CS8600: Converting null literal or possible null value to non-nullable type. [<REPOSITORY>\src\ErpSystem.Data\ErpSystem.Data.csproj]
<REPOSITORY>\src\ErpSystem.Data\Migrations\20260802171742_TDC0613InventoryValuationReconciliation.cs(130,114): warning CS8600: Converting null literal or possible null value to non-nullable type. [<REPOSITORY>\src\ErpSystem.Data\ErpSystem.Data.csproj]
<REPOSITORY>\src\ErpSystem.Data\Migrations\20260802171742_TDC0613InventoryValuationReconciliation.cs(130,134): warning CS8600: Converting null literal or possible null value to non-nullable type. [<REPOSITORY>\src\ErpSystem.Data\ErpSystem.Data.csproj]
<REPOSITORY>\src\ErpSystem.Data\Migrations\20260802171742_TDC0613InventoryValuationReconciliation.cs(130,148): warning CS8600: Converting null literal or possible null value to non-nullable type. [<REPOSITORY>\src\ErpSystem.Data\ErpSystem.Data.csproj]
<REPOSITORY>\src\ErpSystem.Data\Migrations\20260802171742_TDC0613InventoryValuationReconciliation.cs(130,162): warning CS8600: Converting null literal or possible null value to non-nullable type. [<REPOSITORY>\src\ErpSystem.Data\ErpSystem.Data.csproj]
<REPOSITORY>\src\ErpSystem.Data\Migrations\20260802171742_TDC0613InventoryValuationReconciliation.cs(130,189): warning CS8600: Converting null literal or possible null value to non-nullable type. [<REPOSITORY>\src\ErpSystem.Data\ErpSystem.Data.csproj]
<REPOSITORY>\src\ErpSystem.Data\Migrations\20260802171742_TDC0613InventoryValuationReconciliation.cs(130,203): warning CS8600: Converting null literal or possible null value to non-nullable type. [<REPOSITORY>\src\ErpSystem.Data\ErpSystem.Data.csproj]
<REPOSITORY>\src\ErpSystem.Data\Migrations\20260802171742_TDC0613InventoryValuationReconciliation.cs(132,118): warning CS8600: Converting null literal or possible null value to non-nullable type. [<REPOSITORY>\src\ErpSystem.Data\ErpSystem.Data.csproj]
<REPOSITORY>\src\ErpSystem.Data\Migrations\20260802171742_TDC0613InventoryValuationReconciliation.cs(132,138): warning CS8600: Converting null literal or possible null value to non-nullable type. [<REPOSITORY>\src\ErpSystem.Data\ErpSystem.Data.csproj]
<REPOSITORY>\src\ErpSystem.Data\Migrations\20260802171742_TDC0613InventoryValuationReconciliation.cs(132,152): warning CS8600: Converting null literal or possible null value to non-nullable type. [<REPOSITORY>\src\ErpSystem.Data\ErpSystem.Data.csproj]
<REPOSITORY>\src\ErpSystem.Data\Migrations\20260802171742_TDC0613InventoryValuationReconciliation.cs(132,166): warning CS8600: Converting null literal or possible null value to non-nullable type. [<REPOSITORY>\src\ErpSystem.Data\ErpSystem.Data.csproj]
<REPOSITORY>\src\ErpSystem.Data\Migrations\20260802171742_TDC0613InventoryValuationReconciliation.cs(132,193): warning CS8600: Converting null literal or possible null value to non-nullable type. [<REPOSITORY>\src\ErpSystem.Data\ErpSystem.Data.csproj]
<REPOSITORY>\src\ErpSystem.Data\Migrations\20260802171742_TDC0613InventoryValuationReconciliation.cs(132,207): warning CS8600: Converting null literal or possible null value to non-nullable type. [<REPOSITORY>\src\ErpSystem.Data\ErpSystem.Data.csproj]
<REPOSITORY>\src\ErpSystem.Data\Migrations\20260802171742_TDC0613InventoryValuationReconciliation.cs(149,83): warning CS8600: Converting null literal or possible null value to non-nullable type. [<REPOSITORY>\src\ErpSystem.Data\ErpSystem.Data.csproj]
<REPOSITORY>\src\ErpSystem.Data\Migrations\20260802171742_TDC0613InventoryValuationReconciliation.cs(149,104): warning CS8600: Converting null literal or possible null value to non-nullable type. [<REPOSITORY>\src\ErpSystem.Data\ErpSystem.Data.csproj]
<REPOSITORY>\src\ErpSystem.Data\Migrations\20260802171742_TDC0613InventoryValuationReconciliation.cs(149,118): warning CS8600: Converting null literal or possible null value to non-nullable type. [<REPOSITORY>\src\ErpSystem.Data\ErpSystem.Data.csproj]
<REPOSITORY>\src\ErpSystem.Data\Migrations\20260802171742_TDC0613InventoryValuationReconciliation.cs(149,132): warning CS8600: Converting null literal or possible null value to non-nullable type. [<REPOSITORY>\src\ErpSystem.Data\ErpSystem.Data.csproj]
<REPOSITORY>\src\ErpSystem.Data\Migrations\20260802171742_TDC0613InventoryValuationReconciliation.cs(149,159): warning CS8600: Converting null literal or possible null value to non-nullable type. [<REPOSITORY>\src\ErpSystem.Data\ErpSystem.Data.csproj]
<REPOSITORY>\src\ErpSystem.Data\Migrations\20260802171742_TDC0613InventoryValuationReconciliation.cs(149,173): warning CS8600: Converting null literal or possible null value to non-nullable type. [<REPOSITORY>\src\ErpSystem.Data\ErpSystem.Data.csproj]
<REPOSITORY>\src\ErpSystem.Data\Migrations\20260802171742_TDC0613InventoryValuationReconciliation.cs(150,85): warning CS8600: Converting null literal or possible null value to non-nullable type. [<REPOSITORY>\src\ErpSystem.Data\ErpSystem.Data.csproj]
<REPOSITORY>\src\ErpSystem.Data\Migrations\20260802171742_TDC0613InventoryValuationReconciliation.cs(150,106): warning CS8600: Converting null literal or possible null value to non-nullable type. [<REPOSITORY>\src\ErpSystem.Data\ErpSystem.Data.csproj]
<REPOSITORY>\src\ErpSystem.Data\Migrations\20260802171742_TDC0613InventoryValuationReconciliation.cs(150,120): warning CS8600: Converting null literal or possible null value to non-nullable type. [<REPOSITORY>\src\ErpSystem.Data\ErpSystem.Data.csproj]
<REPOSITORY>\src\ErpSystem.Data\Migrations\20260802171742_TDC0613InventoryValuationReconciliation.cs(150,134): warning CS8600: Converting null literal or possible null value to non-nullable type. [<REPOSITORY>\src\ErpSystem.Data\ErpSystem.Data.csproj]
<REPOSITORY>\src\ErpSystem.Data\Migrations\20260802171742_TDC0613InventoryValuationReconciliation.cs(150,161): warning CS8600: Converting null literal or possible null value to non-nullable type. [<REPOSITORY>\src\ErpSystem.Data\ErpSystem.Data.csproj]
<REPOSITORY>\src\ErpSystem.Data\Migrations\20260802171742_TDC0613InventoryValuationReconciliation.cs(150,175): warning CS8600: Converting null literal or possible null value to non-nullable type. [<REPOSITORY>\src\ErpSystem.Data\ErpSystem.Data.csproj]
<REPOSITORY>\src\ErpSystem.Data\Migrations\20260802171742_TDC0613InventoryValuationReconciliation.cs(151,85): warning CS8600: Converting null literal or possible null value to non-nullable type. [<REPOSITORY>\src\ErpSystem.Data\ErpSystem.Data.csproj]
<REPOSITORY>\src\ErpSystem.Data\Migrations\20260802171742_TDC0613InventoryValuationReconciliation.cs(151,105): warning CS8600: Converting null literal or possible null value to non-nullable type. [<REPOSITORY>\src\ErpSystem.Data\ErpSystem.Data.csproj]
<REPOSITORY>\src\ErpSystem.Data\Migrations\20260802171742_TDC0613InventoryValuationReconciliation.cs(151,119): warning CS8600: Converting null literal or possible null value to non-nullable type. [<REPOSITORY>\src\ErpSystem.Data\ErpSystem.Data.csproj]
<REPOSITORY>\src\ErpSystem.Data\Migrations\20260802171742_TDC0613InventoryValuationReconciliation.cs(151,133): warning CS8600: Converting null literal or possible null value to non-nullable type. [<REPOSITORY>\src\ErpSystem.Data\ErpSystem.Data.csproj]
<REPOSITORY>\src\ErpSystem.Data\Migrations\20260802171742_TDC0613InventoryValuationReconciliation.cs(151,160): warning CS8600: Converting null literal or possible null value to non-nullable type. [<REPOSITORY>\src\ErpSystem.Data\ErpSystem.Data.csproj]
<REPOSITORY>\src\ErpSystem.Data\Migrations\20260802171742_TDC0613InventoryValuationReconciliation.cs(151,174): warning CS8600: Converting null literal or possible null value to non-nullable type. [<REPOSITORY>\src\ErpSystem.Data\ErpSystem.Data.csproj]
<REPOSITORY>\src\ErpSystem.Data\Migrations\20260802171742_TDC0613InventoryValuationReconciliation.cs(152,87): warning CS8600: Converting null literal or possible null value to non-nullable type. [<REPOSITORY>\src\ErpSystem.Data\ErpSystem.Data.csproj]
<REPOSITORY>\src\ErpSystem.Data\Migrations\20260802171742_TDC0613InventoryValuationReconciliation.cs(152,107): warning CS8600: Converting null literal or possible null value to non-nullable type. [<REPOSITORY>\src\ErpSystem.Data\ErpSystem.Data.csproj]
<REPOSITORY>\src\ErpSystem.Data\Migrations\20260802171742_TDC0613InventoryValuationReconciliation.cs(152,121): warning CS8600: Converting null literal or possible null value to non-nullable type. [<REPOSITORY>\src\ErpSystem.Data\ErpSystem.Data.csproj]
<REPOSITORY>\src\ErpSystem.Data\Migrations\20260802171742_TDC0613InventoryValuationReconciliation.cs(152,135): warning CS8600: Converting null literal or possible null value to non-nullable type. [<REPOSITORY>\src\ErpSystem.Data\ErpSystem.Data.csproj]
<REPOSITORY>\src\ErpSystem.Data\Migrations\20260802171742_TDC0613InventoryValuationReconciliation.cs(152,162): warning CS8600: Converting null literal or possible null value to non-nullable type. [<REPOSITORY>\src\ErpSystem.Data\ErpSystem.Data.csproj]
<REPOSITORY>\src\ErpSystem.Data\Migrations\20260802171742_TDC0613InventoryValuationReconciliation.cs(152,176): warning CS8600: Converting null literal or possible null value to non-nullable type. [<REPOSITORY>\src\ErpSystem.Data\ErpSystem.Data.csproj]
<REPOSITORY>\src\ErpSystem.Data\Migrations\20260802171742_TDC0613InventoryValuationReconciliation.cs(153,87): warning CS8600: Converting null literal or possible null value to non-nullable type. [<REPOSITORY>\src\ErpSystem.Data\ErpSystem.Data.csproj]
<REPOSITORY>\src\ErpSystem.Data\Migrations\20260802171742_TDC0613InventoryValuationReconciliation.cs(153,107): warning CS8600: Converting null literal or possible null value to non-nullable type. [<REPOSITORY>\src\ErpSystem.Data\ErpSystem.Data.csproj]
<REPOSITORY>\src\ErpSystem.Data\Migrations\20260802171742_TDC0613InventoryValuationReconciliation.cs(153,121): warning CS8600: Converting null literal or possible null value to non-nullable type. [<REPOSITORY>\src\ErpSystem.Data\ErpSystem.Data.csproj]
<REPOSITORY>\src\ErpSystem.Data\Migrations\20260802171742_TDC0613InventoryValuationReconciliation.cs(153,135): warning CS8600: Converting null literal or possible null value to non-nullable type. [<REPOSITORY>\src\ErpSystem.Data\ErpSystem.Data.csproj]
<REPOSITORY>\src\ErpSystem.Data\Migrations\20260802171742_TDC0613InventoryValuationReconciliation.cs(153,162): warning CS8600: Converting null literal or possible null value to non-nullable type. [<REPOSITORY>\src\ErpSystem.Data\ErpSystem.Data.csproj]
<REPOSITORY>\src\ErpSystem.Data\Migrations\20260802171742_TDC0613InventoryValuationReconciliation.cs(153,176): warning CS8600: Converting null literal or possible null value to non-nullable type. [<REPOSITORY>\src\ErpSystem.Data\ErpSystem.Data.csproj]
<REPOSITORY>\src\ErpSystem.Data\Migrations\20260802171742_TDC0613InventoryValuationReconciliation.cs(154,90): warning CS8600: Converting null literal or possible null value to non-nullable type. [<REPOSITORY>\src\ErpSystem.Data\ErpSystem.Data.csproj]
<REPOSITORY>\src\ErpSystem.Data\Migrations\20260802171742_TDC0613InventoryValuationReconciliation.cs(154,110): warning CS8600: Converting null literal or possible null value to non-nullable type. [<REPOSITORY>\src\ErpSystem.Data\ErpSystem.Data.csproj]
<REPOSITORY>\src\ErpSystem.Data\Migrations\20260802171742_TDC0613InventoryValuationReconciliation.cs(154,124): warning CS8600: Converting null literal or possible null value to non-nullable type. [<REPOSITORY>\src\ErpSystem.Data\ErpSystem.Data.csproj]
<REPOSITORY>\src\ErpSystem.Data\Migrations\20260802171742_TDC0613InventoryValuationReconciliation.cs(154,138): warning CS8600: Converting null literal or possible null value to non-nullable type. [<REPOSITORY>\src\ErpSystem.Data\ErpSystem.Data.csproj]
<REPOSITORY>\src\ErpSystem.Data\Migrations\20260802171742_TDC0613InventoryValuationReconciliation.cs(154,165): warning CS8600: Converting null literal or possible null value to non-nullable type. [<REPOSITORY>\src\ErpSystem.Data\ErpSystem.Data.csproj]
<REPOSITORY>\src\ErpSystem.Data\Migrations\20260802171742_TDC0613InventoryValuationReconciliation.cs(154,179): warning CS8600: Converting null literal or possible null value to non-nullable type. [<REPOSITORY>\src\ErpSystem.Data\ErpSystem.Data.csproj]
<REPOSITORY>\src\ErpSystem.Data\Migrations\20260802171742_TDC0613InventoryValuationReconciliation.cs(155,95): warning CS8600: Converting null literal or possible null value to non-nullable type. [<REPOSITORY>\src\ErpSystem.Data\ErpSystem.Data.csproj]
<REPOSITORY>\src\ErpSystem.Data\Migrations\20260802171742_TDC0613InventoryValuationReconciliation.cs(155,115): warning CS8600: Converting null literal or possible null value to non-nullable type. [<REPOSITORY>\src\ErpSystem.Data\ErpSystem.Data.csproj]
<REPOSITORY>\src\ErpSystem.Data\Migrations\20260802171742_TDC0613InventoryValuationReconciliation.cs(155,129): warning CS8600: Converting null literal or possible null value to non-nullable type. [<REPOSITORY>\src\ErpSystem.Data\ErpSystem.Data.csproj]
<REPOSITORY>\src\ErpSystem.Data\Migrations\20260802171742_TDC0613InventoryValuationReconciliation.cs(155,143): warning CS8600: Converting null literal or possible null value to non-nullable type. [<REPOSITORY>\src\ErpSystem.Data\ErpSystem.Data.csproj]
<REPOSITORY>\src\ErpSystem.Data\Migrations\20260802171742_TDC0613InventoryValuationReconciliation.cs(155,170): warning CS8600: Converting null literal or possible null value to non-nullable type. [<REPOSITORY>\src\ErpSystem.Data\ErpSystem.Data.csproj]
<REPOSITORY>\src\ErpSystem.Data\Migrations\20260802171742_TDC0613InventoryValuationReconciliation.cs(155,184): warning CS8600: Converting null literal or possible null value to non-nullable type. [<REPOSITORY>\src\ErpSystem.Data\ErpSystem.Data.csproj]
<REPOSITORY>\src\ErpSystem.Data\Migrations\20260802171742_TDC0613InventoryValuationReconciliation.cs(156,75): warning CS8600: Converting null literal or possible null value to non-nullable type. [<REPOSITORY>\src\ErpSystem.Data\ErpSystem.Data.csproj]
<REPOSITORY>\src\ErpSystem.Data\Migrations\20260802171742_TDC0613InventoryValuationReconciliation.cs(156,96): warning CS8600: Converting null literal or possible null value to non-nullable type. [<REPOSITORY>\src\ErpSystem.Data\ErpSystem.Data.csproj]
<REPOSITORY>\src\ErpSystem.Data\Migrations\20260802171742_TDC0613InventoryValuationReconciliation.cs(156,110): warning CS8600: Converting null literal or possible null value to non-nullable type. [<REPOSITORY>\src\ErpSystem.Data\ErpSystem.Data.csproj]
<REPOSITORY>\src\ErpSystem.Data\Migrations\20260802171742_TDC0613InventoryValuationReconciliation.cs(156,124): warning CS8600: Converting null literal or possible null value to non-nullable type. [<REPOSITORY>\src\ErpSystem.Data\ErpSystem.Data.csproj]
<REPOSITORY>\src\ErpSystem.Data\Migrations\20260802171742_TDC0613InventoryValuationReconciliation.cs(156,151): warning CS8600: Converting null literal or possible null value to non-nullable type. [<REPOSITORY>\src\ErpSystem.Data\ErpSystem.Data.csproj]
<REPOSITORY>\src\ErpSystem.Data\Migrations\20260802171742_TDC0613InventoryValuationReconciliation.cs(156,165): warning CS8600: Converting null literal or possible null value to non-nullable type. [<REPOSITORY>\src\ErpSystem.Data\ErpSystem.Data.csproj]
<REPOSITORY>\src\ErpSystem.Data\Migrations\20260802171742_TDC0613InventoryValuationReconciliation.cs(157,85): warning CS8600: Converting null literal or possible null value to non-nullable type. [<REPOSITORY>\src\ErpSystem.Data\ErpSystem.Data.csproj]
<REPOSITORY>\src\ErpSystem.Data\Migrations\20260802171742_TDC0613InventoryValuationReconciliation.cs(157,105): warning CS8600: Converting null literal or possible null value to non-nullable type. [<REPOSITORY>\src\ErpSystem.Data\ErpSystem.Data.csproj]
<REPOSITORY>\src\ErpSystem.Data\Migrations\20260802171742_TDC0613InventoryValuationReconciliation.cs(157,119): warning CS8600: Converting null literal or possible null value to non-nullable type. [<REPOSITORY>\src\ErpSystem.Data\ErpSystem.Data.csproj]
<REPOSITORY>\src\ErpSystem.Data\Migrations\20260802171742_TDC0613InventoryValuationReconciliation.cs(157,133): warning CS8600: Converting null literal or possible null value to non-nullable type. [<REPOSITORY>\src\ErpSystem.Data\ErpSystem.Data.csproj]
<REPOSITORY>\src\ErpSystem.Data\Migrations\20260802171742_TDC0613InventoryValuationReconciliation.cs(157,160): warning CS8600: Converting null literal or possible null value to non-nullable type. [<REPOSITORY>\src\ErpSystem.Data\ErpSystem.Data.csproj]
<REPOSITORY>\src\ErpSystem.Data\Migrations\20260802171742_TDC0613InventoryValuationReconciliation.cs(157,174): warning CS8600: Converting null literal or possible null value to non-nullable type. [<REPOSITORY>\src\ErpSystem.Data\ErpSystem.Data.csproj]
<REPOSITORY>\src\ErpSystem.Data\Migrations\20260802171742_TDC0613InventoryValuationReconciliation.cs(158,87): warning CS8600: Converting null literal or possible null value to non-nullable type. [<REPOSITORY>\src\ErpSystem.Data\ErpSystem.Data.csproj]
<REPOSITORY>\src\ErpSystem.Data\Migrations\20260802171742_TDC0613InventoryValuationReconciliation.cs(158,107): warning CS8600: Converting null literal or possible null value to non-nullable type. [<REPOSITORY>\src\ErpSystem.Data\ErpSystem.Data.csproj]
<REPOSITORY>\src\ErpSystem.Data\Migrations\20260802171742_TDC0613InventoryValuationReconciliation.cs(158,121): warning CS8600: Converting null literal or possible null value to non-nullable type. [<REPOSITORY>\src\ErpSystem.Data\ErpSystem.Data.csproj]
<REPOSITORY>\src\ErpSystem.Data\Migrations\20260802171742_TDC0613InventoryValuationReconciliation.cs(158,135): warning CS8600: Converting null literal or possible null value to non-nullable type. [<REPOSITORY>\src\ErpSystem.Data\ErpSystem.Data.csproj]
<REPOSITORY>\src\ErpSystem.Data\Migrations\20260802171742_TDC0613InventoryValuationReconciliation.cs(158,162): warning CS8600: Converting null literal or possible null value to non-nullable type. [<REPOSITORY>\src\ErpSystem.Data\ErpSystem.Data.csproj]
<REPOSITORY>\src\ErpSystem.Data\Migrations\20260802171742_TDC0613InventoryValuationReconciliation.cs(158,176): warning CS8600: Converting null literal or possible null value to non-nullable type. [<REPOSITORY>\src\ErpSystem.Data\ErpSystem.Data.csproj]
<REPOSITORY>\src\ErpSystem.Data\Migrations\20260802171742_TDC0613InventoryValuationReconciliation.cs(159,87): warning CS8600: Converting null literal or possible null value to non-nullable type. [<REPOSITORY>\src\ErpSystem.Data\ErpSystem.Data.csproj]
<REPOSITORY>\src\ErpSystem.Data\Migrations\20260802171742_TDC0613InventoryValuationReconciliation.cs(159,108): warning CS8600: Converting null literal or possible null value to non-nullable type. [<REPOSITORY>\src\ErpSystem.Data\ErpSystem.Data.csproj]
<REPOSITORY>\src\ErpSystem.Data\Migrations\20260802171742_TDC0613InventoryValuationReconciliation.cs(159,122): warning CS8600: Converting null literal or possible null value to non-nullable type. [<REPOSITORY>\src\ErpSystem.Data\ErpSystem.Data.csproj]
<REPOSITORY>\src\ErpSystem.Data\Migrations\20260802171742_TDC0613InventoryValuationReconciliation.cs(159,136): warning CS8600: Converting null literal or possible null value to non-nullable type. [<REPOSITORY>\src\ErpSystem.Data\ErpSystem.Data.csproj]
<REPOSITORY>\src\ErpSystem.Data\Migrations\20260802171742_TDC0613InventoryValuationReconciliation.cs(159,163): warning CS8600: Converting null literal or possible null value to non-nullable type. [<REPOSITORY>\src\ErpSystem.Data\ErpSystem.Data.csproj]
<REPOSITORY>\src\ErpSystem.Data\Migrations\20260802171742_TDC0613InventoryValuationReconciliation.cs(159,177): warning CS8600: Converting null literal or possible null value to non-nullable type. [<REPOSITORY>\src\ErpSystem.Data\ErpSystem.Data.csproj]
<REPOSITORY>\src\ErpSystem.Data\Migrations\20260802171742_TDC0613InventoryValuationReconciliation.cs(166,194): warning CS8600: Converting null literal or possible null value to non-nullable type. [<REPOSITORY>\src\ErpSystem.Data\ErpSystem.Data.csproj]
<REPOSITORY>\src\ErpSystem.Data\Migrations\20260802171742_TDC0613InventoryValuationReconciliation.cs(167,126): warning CS8600: Converting null literal or possible null value to non-nullable type. [<REPOSITORY>\src\ErpSystem.Data\ErpSystem.Data.csproj]
<REPOSITORY>\src\ErpSystem.Data\Migrations\20260802171742_TDC0613InventoryValuationReconciliation.cs(169,158): warning CS8600: Converting null literal or possible null value to non-nullable type. [<REPOSITORY>\src\ErpSystem.Data\ErpSystem.Data.csproj]
<REPOSITORY>\src\ErpSystem.Data\Migrations\20260802171742_TDC0613InventoryValuationReconciliation.cs(169,179): warning CS8600: Converting null literal or possible null value to non-nullable type. [<REPOSITORY>\src\ErpSystem.Data\ErpSystem.Data.csproj]
<REPOSITORY>\src\ErpSystem.Data\Migrations\20260802171742_TDC0613InventoryValuationReconciliation.cs(169,193): warning CS8600: Converting null literal or possible null value to non-nullable type. [<REPOSITORY>\src\ErpSystem.Data\ErpSystem.Data.csproj]
<REPOSITORY>\src\ErpSystem.Data\Migrations\20260802171742_TDC0613InventoryValuationReconciliation.cs(170,230): warning CS8600: Converting null literal or possible null value to non-nullable type. [<REPOSITORY>\src\ErpSystem.Data\ErpSystem.Data.csproj]
<REPOSITORY>\src\ErpSystem.Data\Migrations\20260802171742_TDC0613InventoryValuationReconciliation.cs(170,250): warning CS8600: Converting null literal or possible null value to non-nullable type. [<REPOSITORY>\src\ErpSystem.Data\ErpSystem.Data.csproj]
<REPOSITORY>\src\ErpSystem.Data\Migrations\20260802171742_TDC0613InventoryValuationReconciliation.cs(170,264): warning CS8600: Converting null literal or possible null value to non-nullable type. [<REPOSITORY>\src\ErpSystem.Data\ErpSystem.Data.csproj]
<REPOSITORY>\src\ErpSystem.Data\Migrations\20260802171742_TDC0613InventoryValuationReconciliation.cs(171,218): warning CS8600: Converting null literal or possible null value to non-nullable type. [<REPOSITORY>\src\ErpSystem.Data\ErpSystem.Data.csproj]
<REPOSITORY>\src\ErpSystem.Data\Migrations\20260802171742_TDC0613InventoryValuationReconciliation.cs(171,238): warning CS8600: Converting null literal or possible null value to non-nullable type. [<REPOSITORY>\src\ErpSystem.Data\ErpSystem.Data.csproj]
<REPOSITORY>\src\ErpSystem.Data\Migrations\20260802171742_TDC0613InventoryValuationReconciliation.cs(171,252): warning CS8600: Converting null literal or possible null value to non-nullable type. [<REPOSITORY>\src\ErpSystem.Data\ErpSystem.Data.csproj]
<REPOSITORY>\src\ErpSystem.Data\Migrations\20260802171742_TDC0613InventoryValuationReconciliation.cs(172,142): warning CS8600: Converting null literal or possible null value to non-nullable type. [<REPOSITORY>\src\ErpSystem.Data\ErpSystem.Data.csproj]
<REPOSITORY>\src\ErpSystem.Data\Migrations\20260802171742_TDC0613InventoryValuationReconciliation.cs(172,163): warning CS8600: Converting null literal or possible null value to non-nullable type. [<REPOSITORY>\src\ErpSystem.Data\ErpSystem.Data.csproj]
<REPOSITORY>\src\ErpSystem.Data\Migrations\20260802171742_TDC0613InventoryValuationReconciliation.cs(172,177): warning CS8600: Converting null literal or possible null value to non-nullable type. [<REPOSITORY>\src\ErpSystem.Data\ErpSystem.Data.csproj]
<REPOSITORY>\src\ErpSystem.Data\Migrations\20260802171742_TDC0613InventoryValuationReconciliation.cs(173,164): warning CS8600: Converting null literal or possible null value to non-nullable type. [<REPOSITORY>\src\ErpSystem.Data\ErpSystem.Data.csproj]
<REPOSITORY>\src\ErpSystem.Data\Migrations\20260802171742_TDC0613InventoryValuationReconciliation.cs(173,185): warning CS8600: Converting null literal or possible null value to non-nullable type. [<REPOSITORY>\src\ErpSystem.Data\ErpSystem.Data.csproj]
<REPOSITORY>\src\ErpSystem.Data\Migrations\20260802171742_TDC0613InventoryValuationReconciliation.cs(173,199): warning CS8600: Converting null literal or possible null value to non-nullable type. [<REPOSITORY>\src\ErpSystem.Data\ErpSystem.Data.csproj]
<REPOSITORY>\src\ErpSystem.Data\Migrations\20260802171742_TDC0613InventoryValuationReconciliation.cs(174,150): warning CS8600: Converting null literal or possible null value to non-nullable type. [<REPOSITORY>\src\ErpSystem.Data\ErpSystem.Data.csproj]
<REPOSITORY>\src\ErpSystem.Data\Migrations\20260802171742_TDC0613InventoryValuationReconciliation.cs(174,171): warning CS8600: Converting null literal or possible null value to non-nullable type. [<REPOSITORY>\src\ErpSystem.Data\ErpSystem.Data.csproj]
<REPOSITORY>\src\ErpSystem.Data\Migrations\20260802171742_TDC0613InventoryValuationReconciliation.cs(174,185): warning CS8600: Converting null literal or possible null value to non-nullable type. [<REPOSITORY>\src\ErpSystem.Data\ErpSystem.Data.csproj]
<REPOSITORY>\src\ErpSystem.Data\Migrations\20260802171742_TDC0613InventoryValuationReconciliation.cs(175,214): warning CS8600: Converting null literal or possible null value to non-nullable type. [<REPOSITORY>\src\ErpSystem.Data\ErpSystem.Data.csproj]
<REPOSITORY>\src\ErpSystem.Data\Migrations\20260802171742_TDC0613InventoryValuationReconciliation.cs(175,235): warning CS8600: Converting null literal or possible null value to non-nullable type. [<REPOSITORY>\src\ErpSystem.Data\ErpSystem.Data.csproj]
<REPOSITORY>\src\ErpSystem.Data\Migrations\20260802171742_TDC0613InventoryValuationReconciliation.cs(175,249): warning CS8600: Converting null literal or possible null value to non-nullable type. [<REPOSITORY>\src\ErpSystem.Data\ErpSystem.Data.csproj]
<REPOSITORY>\src\ErpSystem.Data\Migrations\20260802171742_TDC0613InventoryValuationReconciliation.cs(176,214): warning CS8600: Converting null literal or possible null value to non-nullable type. [<REPOSITORY>\src\ErpSystem.Data\ErpSystem.Data.csproj]
<REPOSITORY>\src\ErpSystem.Data\Migrations\20260802171742_TDC0613InventoryValuationReconciliation.cs(176,234): warning CS8600: Converting null literal or possible null value to non-nullable type. [<REPOSITORY>\src\ErpSystem.Data\ErpSystem.Data.csproj]
<REPOSITORY>\src\ErpSystem.Data\Migrations\20260802171742_TDC0613InventoryValuationReconciliation.cs(176,248): warning CS8600: Converting null literal or possible null value to non-nullable type. [<REPOSITORY>\src\ErpSystem.Data\ErpSystem.Data.csproj]
<REPOSITORY>\src\ErpSystem.Data\Migrations\20260802171742_TDC0613InventoryValuationReconciliation.cs(177,193): warning CS8600: Converting null literal or possible null value to non-nullable type. [<REPOSITORY>\src\ErpSystem.Data\ErpSystem.Data.csproj]
<REPOSITORY>\src\ErpSystem.Data\Migrations\20260802171742_TDC0613InventoryValuationReconciliation.cs(177,213): warning CS8600: Converting null literal or possible null value to non-nullable type. [<REPOSITORY>\src\ErpSystem.Data\ErpSystem.Data.csproj]
<REPOSITORY>\src\ErpSystem.Data\Migrations\20260802171742_TDC0613InventoryValuationReconciliation.cs(177,227): warning CS8600: Converting null literal or possible null value to non-nullable type. [<REPOSITORY>\src\ErpSystem.Data\ErpSystem.Data.csproj]
<REPOSITORY>\src\ErpSystem.Data\Migrations\20260802171742_TDC0613InventoryValuationReconciliation.cs(186,73): warning CS8600: Converting null literal or possible null value to non-nullable type. [<REPOSITORY>\src\ErpSystem.Data\ErpSystem.Data.csproj]
<REPOSITORY>\src\ErpSystem.Data\Migrations\20260802171742_TDC0613InventoryValuationReconciliation.cs(187,67): warning CS8600: Converting null literal or possible null value to non-nullable type. [<REPOSITORY>\src\ErpSystem.Data\ErpSystem.Data.csproj]
<REPOSITORY>\src\ErpSystem.Data\ApplicationDbContext.cs(3125,13): warning CS0618: 'RelationalEntityTypeBuilderExtensions.HasCheckConstraint<TEntity>(EntityTypeBuilder<TEntity>, string, string?)' is obsolete: 'Configure this using ToTable(t => t.HasCheckConstraint()) instead.' [<REPOSITORY>\src\ErpSystem.Data\ErpSystem.Data.csproj]
<REPOSITORY>\src\ErpSystem.Data\ApplicationDbContext.cs(3127,13): warning CS0618: 'RelationalEntityTypeBuilderExtensions.HasCheckConstraint<TEntity>(EntityTypeBuilder<TEntity>, string, string?)' is obsolete: 'Configure this using ToTable(t => t.HasCheckConstraint()) instead.' [<REPOSITORY>\src\ErpSystem.Data\ErpSystem.Data.csproj]
<REPOSITORY>\src\ErpSystem.Data\ApplicationDbContext.cs(3182,13): warning CS0618: 'RelationalEntityTypeBuilderExtensions.HasCheckConstraint<TEntity>(EntityTypeBuilder<TEntity>, string, string?)' is obsolete: 'Configure this using ToTable(t => t.HasCheckConstraint()) instead.' [<REPOSITORY>\src\ErpSystem.Data\ErpSystem.Data.csproj]
<REPOSITORY>\src\ErpSystem.Data\ApplicationDbContext.cs(3279,13): warning CS0618: 'RelationalEntityTypeBuilderExtensions.HasCheckConstraint<TEntity>(EntityTypeBuilder<TEntity>, string, string?)' is obsolete: 'Configure this using ToTable(t => t.HasCheckConstraint()) instead.' [<REPOSITORY>\src\ErpSystem.Data\ErpSystem.Data.csproj]
<REPOSITORY>\src\ErpSystem.Data\ApplicationDbContext.cs(3295,13): warning CS0618: 'RelationalEntityTypeBuilderExtensions.HasCheckConstraint<TEntity>(EntityTypeBuilder<TEntity>, string, string?)' is obsolete: 'Configure this using ToTable(t => t.HasCheckConstraint()) instead.' [<REPOSITORY>\src\ErpSystem.Data\ErpSystem.Data.csproj]
<REPOSITORY>\src\ErpSystem.Data\ApplicationDbContext.cs(3315,13): warning CS0618: 'RelationalEntityTypeBuilderExtensions.HasCheckConstraint<TEntity>(EntityTypeBuilder<TEntity>, string, string?)' is obsolete: 'Configure this using ToTable(t => t.HasCheckConstraint()) instead.' [<REPOSITORY>\src\ErpSystem.Data\ErpSystem.Data.csproj]
<REPOSITORY>\src\ErpSystem.Data\UnitOfWork.cs(19,18): warning CS0414: The field 'UnitOfWork._useExecutionStrategy' is assigned but its value is never used [<REPOSITORY>\src\ErpSystem.Data\ErpSystem.Data.csproj]
<REPOSITORY>\src\ErpSystem.Data\Repositories\GenericRepository.cs(244,37): warning EF1002: Method 'ExecuteSqlRawAsync' inserts interpolated strings directly into the SQL, without any protection against SQL injection. Consider using 'ExecuteSqlAsync' instead, which protects against SQL injection, or make sure that the value is sanitized and suppress the warning. [<REPOSITORY>\src\ErpSystem.Data\ErpSystem.Data.csproj]
<REPOSITORY>\src\ErpSystem.Data\Repositories\GenericRepository.cs(258,37): warning EF1002: Method 'ExecuteSqlRawAsync' inserts interpolated strings directly into the SQL, without any protection against SQL injection. Consider using 'ExecuteSqlAsync' instead, which protects against SQL injection, or make sure that the value is sanitized and suppress the warning. [<REPOSITORY>\src\ErpSystem.Data\ErpSystem.Data.csproj]
  ErpSystem.Data -> <REPOSITORY>\src\ErpSystem.Data\bin\Debug\net8.0\ErpSystem.Data.dll
<REPOSITORY>\src\ErpSystem.Api\Services\Finance\GL\ExternalFinancePostingAdapter.cs(38,9): warning CS0618: 'FinanceExternalPostingEnvelopeDto' is obsolete: 'Use FinanceExternalPostingEnvelopeV2Dto with AccountingBookCode.' [<REPOSITORY>\src\ErpSystem.Api\ErpSystem.Api.csproj]
<REPOSITORY>\src\ErpSystem.Api\Services\Finance\GL\ExternalFinancePostingAdapter.cs(54,9): warning CS0618: 'FinanceExternalPostingEnvelopeDto' is obsolete: 'Use FinanceExternalPostingEnvelopeV2Dto with AccountingBookCode.' [<REPOSITORY>\src\ErpSystem.Api\ErpSystem.Api.csproj]
<REPOSITORY>\src\ErpSystem.Api\Services\Finance\GL\FinancePostingEngine.cs(43,9): warning CS0618: 'FinancePostingRequestDto' is obsolete: 'Use FinancePostingRequestV2Dto with AccountingBookCode.' [<REPOSITORY>\src\ErpSystem.Api\ErpSystem.Api.csproj]
<REPOSITORY>\src\ErpSystem.Api\Services\Finance\GL\FinancePostingEngine.cs(48,9): warning CS0618: 'FinancePostingRequestDto' is obsolete: 'Use FinancePostingRequestV2Dto with AccountingBookCode.' [<REPOSITORY>\src\ErpSystem.Api\ErpSystem.Api.csproj]
<REPOSITORY>\src\ErpSystem.Api\Controllers\HR\LeaveEncashmentsController.cs(61,57): warning CS0108: 'LeaveEncashmentsController.Request(CreateLeaveEncashmentDto)' hides inherited member 'ControllerBase.Request'. Use the new keyword if hiding was intended. [<REPOSITORY>\src\ErpSystem.Api\ErpSystem.Api.csproj]
<REPOSITORY>\src\ErpSystem.Api\Mapping\HRMappingProfile.cs(13,83): warning CS8602: Dereference of a possibly null reference. [<REPOSITORY>\src\ErpSystem.Api\ErpSystem.Api.csproj]
<REPOSITORY>\src\ErpSystem.Api\Mapping\HRMappingProfile.cs(19,83): warning CS8602: Dereference of a possibly null reference. [<REPOSITORY>\src\ErpSystem.Api\ErpSystem.Api.csproj]
<REPOSITORY>\src\ErpSystem.Api\Controllers\WorkflowController.cs(783,38): warning CS8601: Possible null reference assignment. [<REPOSITORY>\src\ErpSystem.Api\ErpSystem.Api.csproj]
<REPOSITORY>\src\ErpSystem.Api\Services\Inventory\InventoryDisposalService.cs(641,45): warning CS0618: 'FinancePostingRequestDto' is obsolete: 'Use FinancePostingRequestV2Dto with AccountingBookCode.' [<REPOSITORY>\src\ErpSystem.Api\ErpSystem.Api.csproj]
<REPOSITORY>\src\ErpSystem.Api\Services\Finance\FixedAssets\AssetDisposalService.cs(2571,16): warning CS8603: Possible null reference return. [<REPOSITORY>\src\ErpSystem.Api\ErpSystem.Api.csproj]
<REPOSITORY>\src\ErpSystem.Api\Services\QualityCertificateService.cs(39,40): warning CS8602: Dereference of a possibly null reference. [<REPOSITORY>\src\ErpSystem.Api\ErpSystem.Api.csproj]
<REPOSITORY>\src\ErpSystem.Api\Services\HR\HrLegacyFileMigrationService.cs(381,31): warning CS8601: Possible null reference assignment. [<REPOSITORY>\src\ErpSystem.Api\ErpSystem.Api.csproj]
<REPOSITORY>\src\ErpSystem.Api\Services\SimpleWorkflowService.cs(1053,29): warning CS8603: Possible null reference return. [<REPOSITORY>\src\ErpSystem.Api\ErpSystem.Api.csproj]
<REPOSITORY>\src\ErpSystem.Api\Services\SimpleWorkflowService.cs(1157,92): warning CS8603: Possible null reference return. [<REPOSITORY>\src\ErpSystem.Api\ErpSystem.Api.csproj]
<REPOSITORY>\src\ErpSystem.Api\Services\SimpleWorkflowService.cs(2068,70): warning CS8603: Possible null reference return. [<REPOSITORY>\src\ErpSystem.Api\ErpSystem.Api.csproj]
<REPOSITORY>\src\ErpSystem.Api\Services\HR\PayrollService.cs(5012,34): warning CS8629: Nullable value type may be null. [<REPOSITORY>\src\ErpSystem.Api\ErpSystem.Api.csproj]
<REPOSITORY>\src\ErpSystem.Api\Services\HR\PayrollService.cs(5660,25): warning CS8601: Possible null reference assignment. [<REPOSITORY>\src\ErpSystem.Api\ErpSystem.Api.csproj]
<REPOSITORY>\src\ErpSystem.Api\Controllers\RoleController.cs(279,29): warning CS8602: Dereference of a possibly null reference. [<REPOSITORY>\src\ErpSystem.Api\ErpSystem.Api.csproj]
<REPOSITORY>\src\ErpSystem.Api\Controllers\FileUploadController.cs(100,31): warning CS8601: Possible null reference assignment. [<REPOSITORY>\src\ErpSystem.Api\ErpSystem.Api.csproj]
<REPOSITORY>\src\ErpSystem.Api\Controllers\EmployeesController.cs(104,26): warning CS8603: Possible null reference return. [<REPOSITORY>\src\ErpSystem.Api\ErpSystem.Api.csproj]
<REPOSITORY>\src\ErpSystem.Api\Controllers\EmployeesController.cs(227,26): warning CS8603: Possible null reference return. [<REPOSITORY>\src\ErpSystem.Api\ErpSystem.Api.csproj]
<REPOSITORY>\src\ErpSystem.Api\Controllers\EmployeesController.cs(273,26): warning CS8603: Possible null reference return. [<REPOSITORY>\src\ErpSystem.Api\ErpSystem.Api.csproj]
<REPOSITORY>\src\ErpSystem.Api\Controllers\Maintenance\ResourceAllocationController.cs(280,43): warning CS1998: This async method lacks 'await' operators and will run synchronously. Consider using the 'await' operator to await non-blocking API calls, or 'await Task.Run(...)' to do CPU-bound work on a background thread. [<REPOSITORY>\src\ErpSystem.Api\ErpSystem.Api.csproj]
<REPOSITORY>\src\ErpSystem.Api\Controllers\Maintenance\ResourceAllocationController.cs(318,43): warning CS1998: This async method lacks 'await' operators and will run synchronously. Consider using the 'await' operator to await non-blocking API calls, or 'await Task.Run(...)' to do CPU-bound work on a background thread. [<REPOSITORY>\src\ErpSystem.Api\ErpSystem.Api.csproj]
<REPOSITORY>\src\ErpSystem.Api\Controllers\Inventory\StockMovementsController.cs(266,65): warning CS8073: The result of the expression is always 'true' since a value of type 'Guid' is never equal to 'null' of type 'Guid?' [<REPOSITORY>\src\ErpSystem.Api\ErpSystem.Api.csproj]
<REPOSITORY>\src\ErpSystem.Api\Controllers\Inventory\StockMovementsController.cs(269,33): warning CS8073: The result of the expression is always 'true' since a value of type 'Guid' is never equal to 'null' of type 'Guid?' [<REPOSITORY>\src\ErpSystem.Api\ErpSystem.Api.csproj]
<REPOSITORY>\src\ErpSystem.Api\Controllers\Inventory\PhysicalCountsController.cs(441,35): warning CS8601: Possible null reference assignment. [<REPOSITORY>\src\ErpSystem.Api\ErpSystem.Api.csproj]
<REPOSITORY>\src\ErpSystem.Api\Controllers\Inventory\PhysicalCountsController.cs(546,31): warning CS8601: Possible null reference assignment. [<REPOSITORY>\src\ErpSystem.Api\ErpSystem.Api.csproj]
<REPOSITORY>\src\ErpSystem.Api\Controllers\HR\PerformanceJournalController.cs(43,44): warning CS0168: The variable 'ex' is declared but never used [<REPOSITORY>\src\ErpSystem.Api\ErpSystem.Api.csproj]
<REPOSITORY>\src\ErpSystem.Api\Controllers\HR\PerformanceAppraisalsController.cs(1486,44): warning CS0168: The variable 'ex' is declared but never used [<REPOSITORY>\src\ErpSystem.Api\ErpSystem.Api.csproj]
<REPOSITORY>\src\ErpSystem.Api\Controllers\HR\LeavePlansController.cs(106,44): warning CS0168: The variable 'ex' is declared but never used [<REPOSITORY>\src\ErpSystem.Api\ErpSystem.Api.csproj]
<REPOSITORY>\src\ErpSystem.Api\Controllers\HR\LeavePlansController.cs(119,44): warning CS0168: The variable 'ex' is declared but never used [<REPOSITORY>\src\ErpSystem.Api\ErpSystem.Api.csproj]
  ErpSystem.Api -> <REPOSITORY>\src\ErpSystem.Api\bin\Debug\net8.0\ErpSystem.Api.dll

Build succeeded.

<REPOSITORY>\src\ErpSystem.Data\Repositories\HR\AssetsRepositories.cs(14,43): warning CS8609: Nullability of reference types in return type doesn't match overridden member. [<REPOSITORY>\src\ErpSystem.Data\ErpSystem.Data.csproj]
<REPOSITORY>\src\ErpSystem.Data\Repositories\HR\AssetsRepositories.cs(14,43): warning CS8613: Nullability of reference types in return type of 'Task<AssetType> AssetTypeRepository.GetByIdAsync(Guid id)' doesn't match implicitly implemented member 'Task<AssetType?> IGenericRepository<AssetType>.GetByIdAsync(Guid id)'. [<REPOSITORY>\src\ErpSystem.Data\ErpSystem.Data.csproj]
<REPOSITORY>\src\ErpSystem.Data\Repositories\HR\JobApplicationRepositories.cs(30,48): warning CS8609: Nullability of reference types in return type doesn't match overridden member. [<REPOSITORY>\src\ErpSystem.Data\ErpSystem.Data.csproj]
<REPOSITORY>\src\ErpSystem.Data\Repositories\HR\JobApplicationRepositories.cs(30,48): warning CS8613: Nullability of reference types in return type of 'Task<JobApplication> JobApplicationRepository.GetByIdAsync(Guid id)' doesn't match implicitly implemented member 'Task<JobApplication?> IGenericRepository<JobApplication>.GetByIdAsync(Guid id)'. [<REPOSITORY>\src\ErpSystem.Data\ErpSystem.Data.csproj]
<REPOSITORY>\src\ErpSystem.Data\Repositories\HR\WorkScheduleRepositories.cs(174,53): warning CS0114: 'ShiftDefinitionRepository.GetAllAsync()' hides inherited member 'GenericRepository<ShiftDefinition>.GetAllAsync()'. To make the current member override that implementation, add the override keyword. Otherwise add the new keyword. [<REPOSITORY>\src\ErpSystem.Data\ErpSystem.Data.csproj]
<REPOSITORY>\src\ErpSystem.Data\Caching\QueryResultCachingInterceptor.cs(248,30): warning CS8625: Cannot convert null literal to non-nullable reference type. [<REPOSITORY>\src\ErpSystem.Data\ErpSystem.Data.csproj]
<REPOSITORY>\src\ErpSystem.Data\Configuration\Finance\VendorInvoiceMatchExceptionConfiguration.cs(97,9): warning CS0618: 'RelationalEntityTypeBuilderExtensions.HasCheckConstraint<TEntity>(EntityTypeBuilder<TEntity>, string, string?)' is obsolete: 'Configure this using ToTable(t => t.HasCheckConstraint()) instead.' [<REPOSITORY>\src\ErpSystem.Data\ErpSystem.Data.csproj]
<REPOSITORY>\src\ErpSystem.Data\Configuration\Finance\VendorInvoiceMatchExceptionConfiguration.cs(98,9): warning CS0618: 'RelationalEntityTypeBuilderExtensions.HasCheckConstraint<TEntity>(EntityTypeBuilder<TEntity>, string, string?)' is obsolete: 'Configure this using ToTable(t => t.HasCheckConstraint()) instead.' [<REPOSITORY>\src\ErpSystem.Data\ErpSystem.Data.csproj]
<REPOSITORY>\src\ErpSystem.Data\Configuration\Finance\VendorInvoiceMatchExceptionConfiguration.cs(100,9): warning CS0618: 'RelationalEntityTypeBuilderExtensions.HasCheckConstraint<TEntity>(EntityTypeBuilder<TEntity>, string, string?)' is obsolete: 'Configure this using ToTable(t => t.HasCheckConstraint()) instead.' [<REPOSITORY>\src\ErpSystem.Data\ErpSystem.Data.csproj]
<REPOSITORY>\src\ErpSystem.Data\Configuration\Finance\VendorInvoiceMatchExceptionConfiguration.cs(75,9): warning CS0618: 'RelationalEntityTypeBuilderExtensions.HasCheckConstraint<TEntity>(EntityTypeBuilder<TEntity>, string, string?)' is obsolete: 'Configure this using ToTable(t => t.HasCheckConstraint()) instead.' [<REPOSITORY>\src\ErpSystem.Data\ErpSystem.Data.csproj]
<REPOSITORY>\src\ErpSystem.Data\Configuration\Finance\VendorInvoiceMatchExceptionConfiguration.cs(77,9): warning CS0618: 'RelationalEntityTypeBuilderExtensions.HasCheckConstraint<TEntity>(EntityTypeBuilder<TEntity>, string, string?)' is obsolete: 'Configure this using ToTable(t => t.HasCheckConstraint()) instead.' [<REPOSITORY>\src\ErpSystem.Data\ErpSystem.Data.csproj]
<REPOSITORY>\src\ErpSystem.Data\Configuration\Finance\VendorInvoiceMatchExceptionConfiguration.cs(59,9): warning CS0618: 'RelationalEntityTypeBuilderExtensions.HasCheckConstraint<TEntity>(EntityTypeBuilder<TEntity>, string, string?)' is obsolete: 'Configure this using ToTable(t => t.HasCheckConstraint()) instead.' [<REPOSITORY>\src\ErpSystem.Data\ErpSystem.Data.csproj]
<REPOSITORY>\src\ErpSystem.Data\Repositories\WorkflowStepInstanceRepository.cs(153,37): warning CS8601: Possible null reference assignment. [<REPOSITORY>\src\ErpSystem.Data\ErpSystem.Data.csproj]
<REPOSITORY>\src\ErpSystem.Data\Configuration\Finance\VendorInvoiceMatchExceptionConfiguration.cs(25,9): warning CS0618: 'RelationalEntityTypeBuilderExtensions.HasCheckConstraint<TEntity>(EntityTypeBuilder<TEntity>, string, string?)' is obsolete: 'Configure this using ToTable(t => t.HasCheckConstraint()) instead.' [<REPOSITORY>\src\ErpSystem.Data\ErpSystem.Data.csproj]
<REPOSITORY>\src\ErpSystem.Data\Configuration\Finance\VendorInvoiceMatchExceptionConfiguration.cs(26,9): warning CS0618: 'RelationalEntityTypeBuilderExtensions.HasCheckConstraint<TEntity>(EntityTypeBuilder<TEntity>, string, string?)' is obsolete: 'Configure this using ToTable(t => t.HasCheckConstraint()) instead.' [<REPOSITORY>\src\ErpSystem.Data\ErpSystem.Data.csproj]
<REPOSITORY>\src\ErpSystem.Data\Configuration\Finance\VendorInvoiceMatchExceptionConfiguration.cs(28,9): warning CS0618: 'RelationalEntityTypeBuilderExtensions.HasCheckConstraint<TEntity>(EntityTypeBuilder<TEntity>, string, string?)' is obsolete: 'Configure this using ToTable(t => t.HasCheckConstraint()) instead.' [<REPOSITORY>\src\ErpSystem.Data\ErpSystem.Data.csproj]
<REPOSITORY>\src\ErpSystem.Data\Configuration\Finance\VendorInvoiceMatchExceptionConfiguration.cs(29,9): warning CS0618: 'RelationalEntityTypeBuilderExtensions.HasCheckConstraint<TEntity>(EntityTypeBuilder<TEntity>, string, string?)' is obsolete: 'Configure this using ToTable(t => t.HasCheckConstraint()) instead.' [<REPOSITORY>\src\ErpSystem.Data\ErpSystem.Data.csproj]
<REPOSITORY>\src\ErpSystem.Data\Configuration\Finance\VendorInvoiceMatchExceptionConfiguration.cs(31,9): warning CS0618: 'RelationalEntityTypeBuilderExtensions.HasCheckConstraint<TEntity>(EntityTypeBuilder<TEntity>, string, string?)' is obsolete: 'Configure this using ToTable(t => t.HasCheckConstraint()) instead.' [<REPOSITORY>\src\ErpSystem.Data\ErpSystem.Data.csproj]
<REPOSITORY>\src\ErpSystem.Data\Configuration\Finance\VendorInvoiceMatchExceptionConfiguration.cs(33,9): warning CS0618: 'RelationalEntityTypeBuilderExtensions.HasCheckConstraint<TEntity>(EntityTypeBuilder<TEntity>, string, string?)' is obsolete: 'Configure this using ToTable(t => t.HasCheckConstraint()) instead.' [<REPOSITORY>\src\ErpSystem.Data\ErpSystem.Data.csproj]
<REPOSITORY>\src\ErpSystem.Data\Configuration\Finance\VendorInvoiceMatchExceptionConfiguration.cs(35,9): warning CS0618: 'RelationalEntityTypeBuilderExtensions.HasCheckConstraint<TEntity>(EntityTypeBuilder<TEntity>, string, string?)' is obsolete: 'Configure this using ToTable(t => t.HasCheckConstraint()) instead.' [<REPOSITORY>\src\ErpSystem.Data\ErpSystem.Data.csproj]
<REPOSITORY>\src\ErpSystem.Data\Configuration\Finance\VendorInvoiceMatchExceptionConfiguration.cs(37,9): warning CS0618: 'RelationalEntityTypeBuilderExtensions.HasCheckConstraint<TEntity>(EntityTypeBuilder<TEntity>, string, string?)' is obsolete: 'Configure this using ToTable(t => t.HasCheckConstraint()) instead.' [<REPOSITORY>\src\ErpSystem.Data\ErpSystem.Data.csproj]
<REPOSITORY>\src\ErpSystem.Data\Services\UserSessionService.cs(112,20): warning CS8603: Possible null reference return. [<REPOSITORY>\src\ErpSystem.Data\ErpSystem.Data.csproj]
<REPOSITORY>\src\ErpSystem.Data\Services\UserSessionService.cs(267,24): warning CS8603: Possible null reference return. [<REPOSITORY>\src\ErpSystem.Data\ErpSystem.Data.csproj]
<REPOSITORY>\src\ErpSystem.Data\Services\CivilEngineeringDirectTaskService.cs(463,40): warning CS8629: Nullable value type may be null. [<REPOSITORY>\src\ErpSystem.Data\ErpSystem.Data.csproj]
<REPOSITORY>\src\ErpSystem.Data\Repositories\HR\AssetsRepositories.cs(16,16): warning CS8603: Possible null reference return. [<REPOSITORY>\src\ErpSystem.Data\ErpSystem.Data.csproj]
<REPOSITORY>\src\ErpSystem.Data\Repositories\NotificationRepository.cs(78,30): warning CS0168: The variable 'ex' is declared but never used [<REPOSITORY>\src\ErpSystem.Data\ErpSystem.Data.csproj]
<REPOSITORY>\src\ErpSystem.Data\Repositories\Maintenance\WorkOrderManagementRepositories.cs(18,59): warning CS8602: Dereference of a possibly null reference. [<REPOSITORY>\src\ErpSystem.Data\ErpSystem.Data.csproj]
<REPOSITORY>\src\ErpSystem.Data\Repositories\Inventory\InventoryRepositories.cs(374,35): warning CS8602: Dereference of a possibly null reference. [<REPOSITORY>\src\ErpSystem.Data\ErpSystem.Data.csproj]
<REPOSITORY>\src\ErpSystem.Data\Services\CivilEngineeringDesignService.cs(1211,21): warning CS8601: Possible null reference assignment. [<REPOSITORY>\src\ErpSystem.Data\ErpSystem.Data.csproj]
<REPOSITORY>\src\ErpSystem.Data\Repositories\Pricing\PriceListRepositories.cs(268,23): warning CS1998: This async method lacks 'await' operators and will run synchronously. Consider using the 'await' operator to await non-blocking API calls, or 'await Task.Run(...)' to do CPU-bound work on a background thread. [<REPOSITORY>\src\ErpSystem.Data\ErpSystem.Data.csproj]
<REPOSITORY>\src\ErpSystem.Data\Repositories\Maintenance\JobCardRepository.cs(86,41): warning CS8602: Dereference of a possibly null reference. [<REPOSITORY>\src\ErpSystem.Data\ErpSystem.Data.csproj]
<REPOSITORY>\src\ErpSystem.Data\Repositories\Maintenance\JobCardRepository.cs(186,33): warning CS8601: Possible null reference assignment. [<REPOSITORY>\src\ErpSystem.Data\ErpSystem.Data.csproj]
<REPOSITORY>\src\ErpSystem.Data\Repositories\Procurement\BusinessPartnerRepositories3.cs(253,17): warning CS8602: Dereference of a possibly null reference. [<REPOSITORY>\src\ErpSystem.Data\ErpSystem.Data.csproj]
<REPOSITORY>\src\ErpSystem.Data\Services\CivilEngineeringSiteInstructionService.cs(187,53): warning CS8602: Dereference of a possibly null reference. [<REPOSITORY>\src\ErpSystem.Data\ErpSystem.Data.csproj]
<REPOSITORY>\src\ErpSystem.Data\Services\CivilEngineeringDesignService.Documents.cs(555,25): warning CS8601: Possible null reference assignment. [<REPOSITORY>\src\ErpSystem.Data\ErpSystem.Data.csproj]
<REPOSITORY>\src\ErpSystem.Data\Services\CivilEngineeringSiteInstructionService.cs(226,55): warning CS8602: Dereference of a possibly null reference. [<REPOSITORY>\src\ErpSystem.Data\ErpSystem.Data.csproj]
<REPOSITORY>\src\ErpSystem.Data\Services\CivilEngineeringSiteInstructionService.cs(276,50): warning CS8602: Dereference of a possibly null reference. [<REPOSITORY>\src\ErpSystem.Data\ErpSystem.Data.csproj]
<REPOSITORY>\src\ErpSystem.Data\Services\CivilEngineeringSiteInstructionService.cs(326,98): warning CS8602: Dereference of a possibly null reference. [<REPOSITORY>\src\ErpSystem.Data\ErpSystem.Data.csproj]
<REPOSITORY>\src\ErpSystem.Data\Configuration\Procurement\ProcurementWorksCloseoutConfiguration.cs(112,9): warning CS0618: 'RelationalEntityTypeBuilderExtensions.HasCheckConstraint<TEntity>(EntityTypeBuilder<TEntity>, string, string?)' is obsolete: 'Configure this using ToTable(t => t.HasCheckConstraint()) instead.' [<REPOSITORY>\src\ErpSystem.Data\ErpSystem.Data.csproj]
<REPOSITORY>\src\ErpSystem.Data\Configuration\Procurement\ProcurementWorksCloseoutConfiguration.cs(114,9): warning CS0618: 'RelationalEntityTypeBuilderExtensions.HasCheckConstraint<TEntity>(EntityTypeBuilder<TEntity>, string, string?)' is obsolete: 'Configure this using ToTable(t => t.HasCheckConstraint()) instead.' [<REPOSITORY>\src\ErpSystem.Data\ErpSystem.Data.csproj]
<REPOSITORY>\src\ErpSystem.Data\Services\QuantitySurveyRateLibraryService.cs(599,15): warning CS8619: Nullability of reference types in value of type '<anonymous type: object PreviousRate, QuantitySurveyMarketSurveySourceDto Survey, QuantitySurveyMarketSurveyPriceBasis PriceBasis>' doesn't match target type '<anonymous type: object? PreviousRate, QuantitySurveyMarketSurveySourceDto Survey, QuantitySurveyMarketSurveyPriceBasis PriceBasis>'. [<REPOSITORY>\src\ErpSystem.Data\ErpSystem.Data.csproj]
<REPOSITORY>\src\ErpSystem.Data\Configuration\Procurement\ProcurementWorksCloseoutConfiguration.cs(52,9): warning CS0618: 'RelationalEntityTypeBuilderExtensions.HasCheckConstraint<TEntity>(EntityTypeBuilder<TEntity>, string, string?)' is obsolete: 'Configure this using ToTable(t => t.HasCheckConstraint()) instead.' [<REPOSITORY>\src\ErpSystem.Data\ErpSystem.Data.csproj]
<REPOSITORY>\src\ErpSystem.Data\Configuration\Procurement\ProcurementWorksCloseoutConfiguration.cs(54,9): warning CS0618: 'RelationalEntityTypeBuilderExtensions.HasCheckConstraint<TEntity>(EntityTypeBuilder<TEntity>, string, string?)' is obsolete: 'Configure this using ToTable(t => t.HasCheckConstraint()) instead.' [<REPOSITORY>\src\ErpSystem.Data\ErpSystem.Data.csproj]
<REPOSITORY>\src\ErpSystem.Data\Configuration\Procurement\ProcurementWorksCloseoutConfiguration.cs(56,9): warning CS0618: 'RelationalEntityTypeBuilderExtensions.HasCheckConstraint<TEntity>(EntityTypeBuilder<TEntity>, string, string?)' is obsolete: 'Configure this using ToTable(t => t.HasCheckConstraint()) instead.' [<REPOSITORY>\src\ErpSystem.Data\ErpSystem.Data.csproj]
<REPOSITORY>\src\ErpSystem.Data\Configuration\Procurement\ProcurementWorksCloseoutConfiguration.cs(58,9): warning CS0618: 'RelationalEntityTypeBuilderExtensions.HasCheckConstraint<TEntity>(EntityTypeBuilder<TEntity>, string, string?)' is obsolete: 'Configure this using ToTable(t => t.HasCheckConstraint()) instead.' [<REPOSITORY>\src\ErpSystem.Data\ErpSystem.Data.csproj]
<REPOSITORY>\src\ErpSystem.Data\Configuration\Procurement\ProcurementWorksCloseoutConfiguration.cs(60,9): warning CS0618: 'RelationalEntityTypeBuilderExtensions.HasCheckConstraint<TEntity>(EntityTypeBuilder<TEntity>, string, string?)' is obsolete: 'Configure this using ToTable(t => t.HasCheckConstraint()) instead.' [<REPOSITORY>\src\ErpSystem.Data\ErpSystem.Data.csproj]
<REPOSITORY>\src\ErpSystem.Data\Configuration\Procurement\ProcurementWorksCloseoutConfiguration.cs(62,9): warning CS0618: 'RelationalEntityTypeBuilderExtensions.HasCheckConstraint<TEntity>(EntityTypeBuilder<TEntity>, string, string?)' is obsolete: 'Configure this using ToTable(t => t.HasCheckConstraint()) instead.' [<REPOSITORY>\src\ErpSystem.Data\ErpSystem.Data.csproj]
<REPOSITORY>\src\ErpSystem.Data\Configuration\Procurement\ProcurementWorksCloseoutConfiguration.cs(65,9): warning CS0618: 'RelationalEntityTypeBuilderExtensions.HasCheckConstraint<TEntity>(EntityTypeBuilder<TEntity>, string, string?)' is obsolete: 'Configure this using ToTable(t => t.HasCheckConstraint()) instead.' [<REPOSITORY>\src\ErpSystem.Data\ErpSystem.Data.csproj]
<REPOSITORY>\src\ErpSystem.Data\Configuration\Procurement\ProcurementWorksCloseoutConfiguration.cs(67,9): warning CS0618: 'RelationalEntityTypeBuilderExtensions.HasCheckConstraint<TEntity>(EntityTypeBuilder<TEntity>, string, string?)' is obsolete: 'Configure this using ToTable(t => t.HasCheckConstraint()) instead.' [<REPOSITORY>\src\ErpSystem.Data\ErpSystem.Data.csproj]
<REPOSITORY>\src\ErpSystem.Data\Services\CivilEngineeringDesignService.InformationRequests.cs(406,21): warning CS8601: Possible null reference assignment. [<REPOSITORY>\src\ErpSystem.Data\ErpSystem.Data.csproj]
<REPOSITORY>\src\ErpSystem.Data\Configuration\Procurement\ProcurementReceiptSourceEvidenceConfiguration.cs(18,9): warning CS0618: 'RelationalEntityTypeBuilderExtensions.HasCheckConstraint<TEntity>(EntityTypeBuilder<TEntity>, string, string?)' is obsolete: 'Configure this using ToTable(t => t.HasCheckConstraint()) instead.' [<REPOSITORY>\src\ErpSystem.Data\ErpSystem.Data.csproj]
<REPOSITORY>\src\ErpSystem.Data\Configuration\Procurement\ProcurementReceiptSourceEvidenceConfiguration.cs(19,9): warning CS0618: 'RelationalEntityTypeBuilderExtensions.HasCheckConstraint<TEntity>(EntityTypeBuilder<TEntity>, string, string?)' is obsolete: 'Configure this using ToTable(t => t.HasCheckConstraint()) instead.' [<REPOSITORY>\src\ErpSystem.Data\ErpSystem.Data.csproj]
<REPOSITORY>\src\ErpSystem.Data\Configuration\Procurement\ProcurementReceiptSourceEvidenceConfiguration.cs(20,9): warning CS0618: 'RelationalEntityTypeBuilderExtensions.HasCheckConstraint<TEntity>(EntityTypeBuilder<TEntity>, string, string?)' is obsolete: 'Configure this using ToTable(t => t.HasCheckConstraint()) instead.' [<REPOSITORY>\src\ErpSystem.Data\ErpSystem.Data.csproj]
<REPOSITORY>\src\ErpSystem.Data\Configuration\Procurement\ProcurementReceiptSourceEvidenceConfiguration.cs(21,9): warning CS0618: 'RelationalEntityTypeBuilderExtensions.HasCheckConstraint<TEntity>(EntityTypeBuilder<TEntity>, string, string?)' is obsolete: 'Configure this using ToTable(t => t.HasCheckConstraint()) instead.' [<REPOSITORY>\src\ErpSystem.Data\ErpSystem.Data.csproj]
<REPOSITORY>\src\ErpSystem.Data\Configuration\Procurement\ProcurementReceiptInspectionConfiguration.cs(96,9): warning CS0618: 'RelationalEntityTypeBuilderExtensions.HasCheckConstraint<TEntity>(EntityTypeBuilder<TEntity>, string, string?)' is obsolete: 'Configure this using ToTable(t => t.HasCheckConstraint()) instead.' [<REPOSITORY>\src\ErpSystem.Data\ErpSystem.Data.csproj]
<REPOSITORY>\src\ErpSystem.Data\Configuration\Procurement\ProcurementReceiptInspectionConfiguration.cs(97,9): warning CS0618: 'RelationalEntityTypeBuilderExtensions.HasCheckConstraint<TEntity>(EntityTypeBuilder<TEntity>, string, string?)' is obsolete: 'Configure this using ToTable(t => t.HasCheckConstraint()) instead.' [<REPOSITORY>\src\ErpSystem.Data\ErpSystem.Data.csproj]
<REPOSITORY>\src\ErpSystem.Data\Configuration\Procurement\ProcurementReceiptInspectionConfiguration.cs(98,9): warning CS0618: 'RelationalEntityTypeBuilderExtensions.HasCheckConstraint<TEntity>(EntityTypeBuilder<TEntity>, string, string?)' is obsolete: 'Configure this using ToTable(t => t.HasCheckConstraint()) instead.' [<REPOSITORY>\src\ErpSystem.Data\ErpSystem.Data.csproj]
<REPOSITORY>\src\ErpSystem.Data\Configuration\Procurement\ProcurementReceiptInspectionConfiguration.cs(99,9): warning CS0618: 'RelationalEntityTypeBuilderExtensions.HasCheckConstraint<TEntity>(EntityTypeBuilder<TEntity>, string, string?)' is obsolete: 'Configure this using ToTable(t => t.HasCheckConstraint()) instead.' [<REPOSITORY>\src\ErpSystem.Data\ErpSystem.Data.csproj]
<REPOSITORY>\src\ErpSystem.Data\Services\QuantitySurveyRateLibraryService.cs(725,15): warning CS8619: Nullability of reference types in value of type '<anonymous type: object PreviousRate, QuantitySurveyHistoricalRateSourceDto HistoricalSource>' doesn't match target type '<anonymous type: object? PreviousRate, QuantitySurveyHistoricalRateSourceDto HistoricalSource>'. [<REPOSITORY>\src\ErpSystem.Data\ErpSystem.Data.csproj]
<REPOSITORY>\src\ErpSystem.Data\Configuration\Procurement\ProcurementReceiptInspectionConfiguration.cs(74,9): warning CS0618: 'RelationalEntityTypeBuilderExtensions.HasCheckConstraint<TEntity>(EntityTypeBuilder<TEntity>, string, string?)' is obsolete: 'Configure this using ToTable(t => t.HasCheckConstraint()) instead.' [<REPOSITORY>\src\ErpSystem.Data\ErpSystem.Data.csproj]
<REPOSITORY>\src\ErpSystem.Data\Configuration\Procurement\ProcurementReceiptInspectionConfiguration.cs(76,9): warning CS0618: 'RelationalEntityTypeBuilderExtensions.HasCheckConstraint<TEntity>(EntityTypeBuilder<TEntity>, string, string?)' is obsolete: 'Configure this using ToTable(t => t.HasCheckConstraint()) instead.' [<REPOSITORY>\src\ErpSystem.Data\ErpSystem.Data.csproj]
<REPOSITORY>\src\ErpSystem.Data\Configuration\Procurement\ProcurementReceiptInspectionConfiguration.cs(54,9): warning CS0618: 'RelationalEntityTypeBuilderExtensions.HasCheckConstraint<TEntity>(EntityTypeBuilder<TEntity>, string, string?)' is obsolete: 'Configure this using ToTable(t => t.HasCheckConstraint()) instead.' [<REPOSITORY>\src\ErpSystem.Data\ErpSystem.Data.csproj]
<REPOSITORY>\src\ErpSystem.Data\Configuration\Procurement\ProcurementReceiptInspectionConfiguration.cs(56,9): warning CS0618: 'RelationalEntityTypeBuilderExtensions.HasCheckConstraint<TEntity>(EntityTypeBuilder<TEntity>, string, string?)' is obsolete: 'Configure this using ToTable(t => t.HasCheckConstraint()) instead.' [<REPOSITORY>\src\ErpSystem.Data\ErpSystem.Data.csproj]
<REPOSITORY>\src\ErpSystem.Data\Configuration\Procurement\ProcurementReceiptInspectionConfiguration.cs(57,9): warning CS0618: 'RelationalEntityTypeBuilderExtensions.HasCheckConstraint<TEntity>(EntityTypeBuilder<TEntity>, string, string?)' is obsolete: 'Configure this using ToTable(t => t.HasCheckConstraint()) instead.' [<REPOSITORY>\src\ErpSystem.Data\ErpSystem.Data.csproj]
<REPOSITORY>\src\ErpSystem.Data\Configuration\Procurement\ProcurementReceiptInspectionConfiguration.cs(25,9): warning CS0618: 'RelationalEntityTypeBuilderExtensions.HasCheckConstraint<TEntity>(EntityTypeBuilder<TEntity>, string, string?)' is obsolete: 'Configure this using ToTable(t => t.HasCheckConstraint()) instead.' [<REPOSITORY>\src\ErpSystem.Data\ErpSystem.Data.csproj]
<REPOSITORY>\src\ErpSystem.Data\Configuration\Procurement\ProcurementReceiptInspectionConfiguration.cs(27,9): warning CS0618: 'RelationalEntityTypeBuilderExtensions.HasCheckConstraint<TEntity>(EntityTypeBuilder<TEntity>, string, string?)' is obsolete: 'Configure this using ToTable(t => t.HasCheckConstraint()) instead.' [<REPOSITORY>\src\ErpSystem.Data\ErpSystem.Data.csproj]
<REPOSITORY>\src\ErpSystem.Data\Configuration\Procurement\ProcurementReceiptInspectionConfiguration.cs(28,9): warning CS0618: 'RelationalEntityTypeBuilderExtensions.HasCheckConstraint<TEntity>(EntityTypeBuilder<TEntity>, string, string?)' is obsolete: 'Configure this using ToTable(t => t.HasCheckConstraint()) instead.' [<REPOSITORY>\src\ErpSystem.Data\ErpSystem.Data.csproj]
<REPOSITORY>\src\ErpSystem.Data\Configuration\Procurement\ProcurementReceiptInspectionConfiguration.cs(30,9): warning CS0618: 'RelationalEntityTypeBuilderExtensions.HasCheckConstraint<TEntity>(EntityTypeBuilder<TEntity>, string, string?)' is obsolete: 'Configure this using ToTable(t => t.HasCheckConstraint()) instead.' [<REPOSITORY>\src\ErpSystem.Data\ErpSystem.Data.csproj]
<REPOSITORY>\src\ErpSystem.Data\Configuration\Procurement\ProcurementReceiptDocumentConfiguration.cs(56,9): warning CS0618: 'RelationalEntityTypeBuilderExtensions.HasCheckConstraint<TEntity>(EntityTypeBuilder<TEntity>, string, string?)' is obsolete: 'Configure this using ToTable(t => t.HasCheckConstraint()) instead.' [<REPOSITORY>\src\ErpSystem.Data\ErpSystem.Data.csproj]
<REPOSITORY>\src\ErpSystem.Data\Configuration\Procurement\ProcurementReceiptDocumentConfiguration.cs(43,9): warning CS0618: 'RelationalEntityTypeBuilderExtensions.HasCheckConstraint<TEntity>(EntityTypeBuilder<TEntity>, string, string?)' is obsolete: 'Configure this using ToTable(t => t.HasCheckConstraint()) instead.' [<REPOSITORY>\src\ErpSystem.Data\ErpSystem.Data.csproj]
<REPOSITORY>\src\ErpSystem.Data\Configuration\Procurement\ProcurementReceiptDocumentConfiguration.cs(18,9): warning CS0618: 'RelationalEntityTypeBuilderExtensions.HasCheckConstraint<TEntity>(EntityTypeBuilder<TEntity>, string, string?)' is obsolete: 'Configure this using ToTable(t => t.HasCheckConstraint()) instead.' [<REPOSITORY>\src\ErpSystem.Data\ErpSystem.Data.csproj]
<REPOSITORY>\src\ErpSystem.Data\Configuration\Procurement\ProcurementReceiptDocumentConfiguration.cs(19,9): warning CS0618: 'RelationalEntityTypeBuilderExtensions.HasCheckConstraint<TEntity>(EntityTypeBuilder<TEntity>, string, string?)' is obsolete: 'Configure this using ToTable(t => t.HasCheckConstraint()) instead.' [<REPOSITORY>\src\ErpSystem.Data\ErpSystem.Data.csproj]
<REPOSITORY>\src\ErpSystem.Data\Configuration\Procurement\ProcurementReceiptDocumentConfiguration.cs(20,9): warning CS0618: 'RelationalEntityTypeBuilderExtensions.HasCheckConstraint<TEntity>(EntityTypeBuilder<TEntity>, string, string?)' is obsolete: 'Configure this using ToTable(t => t.HasCheckConstraint()) instead.' [<REPOSITORY>\src\ErpSystem.Data\ErpSystem.Data.csproj]
<REPOSITORY>\src\ErpSystem.Data\Configuration\Procurement\ProcurementContractActivationConfiguration.cs(44,9): warning CS0618: 'RelationalEntityTypeBuilderExtensions.HasCheckConstraint<TEntity>(EntityTypeBuilder<TEntity>, string, string?)' is obsolete: 'Configure this using ToTable(t => t.HasCheckConstraint()) instead.' [<REPOSITORY>\src\ErpSystem.Data\ErpSystem.Data.csproj]
<REPOSITORY>\src\ErpSystem.Data\Configuration\Procurement\ProcurementContractActivationConfiguration.cs(46,9): warning CS0618: 'RelationalEntityTypeBuilderExtensions.HasCheckConstraint<TEntity>(EntityTypeBuilder<TEntity>, string, string?)' is obsolete: 'Configure this using ToTable(t => t.HasCheckConstraint()) instead.' [<REPOSITORY>\src\ErpSystem.Data\ErpSystem.Data.csproj]
<REPOSITORY>\src\ErpSystem.Data\Configuration\Procurement\ProcurementContractActivationConfiguration.cs(19,9): warning CS0618: 'RelationalEntityTypeBuilderExtensions.HasCheckConstraint<TEntity>(EntityTypeBuilder<TEntity>, string, string?)' is obsolete: 'Configure this using ToTable(t => t.HasCheckConstraint()) instead.' [<REPOSITORY>\src\ErpSystem.Data\ErpSystem.Data.csproj]
<REPOSITORY>\src\ErpSystem.Data\Configuration\Procurement\ProcurementContractActivationConfiguration.cs(20,9): warning CS0618: 'RelationalEntityTypeBuilderExtensions.HasCheckConstraint<TEntity>(EntityTypeBuilder<TEntity>, string, string?)' is obsolete: 'Configure this using ToTable(t => t.HasCheckConstraint()) instead.' [<REPOSITORY>\src\ErpSystem.Data\ErpSystem.Data.csproj]
<REPOSITORY>\src\ErpSystem.Data\Services\CivilEngineeringDesignService.Reconnaissance.cs(486,21): warning CS8601: Possible null reference assignment. [<REPOSITORY>\src\ErpSystem.Data\ErpSystem.Data.csproj]
<REPOSITORY>\src\ErpSystem.Data\Repositories\HR\OvertimeBiometricRepositories.cs(33,27): warning CS8602: Dereference of a possibly null reference. [<REPOSITORY>\src\ErpSystem.Data\ErpSystem.Data.csproj]
<REPOSITORY>\src\ErpSystem.Data\Repositories\HR\JobOfferHireRepositories.cs(160,25): warning CS8073: The result of the expression is always 'true' since a value of type 'DateOnly' is never equal to 'null' of type 'DateOnly?' [<REPOSITORY>\src\ErpSystem.Data\ErpSystem.Data.csproj]
<REPOSITORY>\src\ErpSystem.Data\Repositories\HR\JobApplicationRepositories.cs(32,16): warning CS8603: Possible null reference return. [<REPOSITORY>\src\ErpSystem.Data\ErpSystem.Data.csproj]
<REPOSITORY>\src\ErpSystem.Data\Repositories\Maintenance\TechnicianSkillAssignmentRepository.cs(22,29): warning CS8602: Dereference of a possibly null reference. [<REPOSITORY>\src\ErpSystem.Data\ErpSystem.Data.csproj]
<REPOSITORY>\src\ErpSystem.Data\Repositories\Maintenance\TechnicianSkillAssignmentRepository.cs(31,29): warning CS8602: Dereference of a possibly null reference. [<REPOSITORY>\src\ErpSystem.Data\ErpSystem.Data.csproj]
<REPOSITORY>\src\ErpSystem.Data\Repositories\Maintenance\TechnicianSkillAssignmentRepository.cs(32,28): warning CS8602: Dereference of a possibly null reference. [<REPOSITORY>\src\ErpSystem.Data\ErpSystem.Data.csproj]
<REPOSITORY>\src\ErpSystem.Data\Repositories\Maintenance\TechnicianSkillAssignmentRepository.cs(53,29): warning CS8602: Dereference of a possibly null reference. [<REPOSITORY>\src\ErpSystem.Data\ErpSystem.Data.csproj]
<REPOSITORY>\src\ErpSystem.Data\Repositories\Maintenance\TechnicianSkillAssignmentRepository.cs(54,28): warning CS8602: Dereference of a possibly null reference. [<REPOSITORY>\src\ErpSystem.Data\ErpSystem.Data.csproj]
<REPOSITORY>\src\ErpSystem.Data\Repositories\Maintenance\TechnicianSkillAssignmentRepository.cs(71,29): warning CS8602: Dereference of a possibly null reference. [<REPOSITORY>\src\ErpSystem.Data\ErpSystem.Data.csproj]
<REPOSITORY>\src\ErpSystem.Data\Repositories\Maintenance\TechnicianSkillAssignmentRepository.cs(72,28): warning CS8602: Dereference of a possibly null reference. [<REPOSITORY>\src\ErpSystem.Data\ErpSystem.Data.csproj]
<REPOSITORY>\src\ErpSystem.Data\Repositories\Maintenance\TechnicianSkillAssignmentRepository.cs(73,28): warning CS8602: Dereference of a possibly null reference. [<REPOSITORY>\src\ErpSystem.Data\ErpSystem.Data.csproj]
<REPOSITORY>\src\ErpSystem.Data\Repositories\Maintenance\TechnicianSkillAssignmentRepository.cs(106,27): warning CS8602: Dereference of a possibly null reference. [<REPOSITORY>\src\ErpSystem.Data\ErpSystem.Data.csproj]
<REPOSITORY>\src\ErpSystem.Data\Repositories\Maintenance\TechnicianSkillAssignmentRepository.cs(109,29): warning CS8602: Dereference of a possibly null reference. [<REPOSITORY>\src\ErpSystem.Data\ErpSystem.Data.csproj]
<REPOSITORY>\src\ErpSystem.Data\Repositories\Maintenance\TechnicianSkillAssignmentRepository.cs(110,28): warning CS8602: Dereference of a possibly null reference. [<REPOSITORY>\src\ErpSystem.Data\ErpSystem.Data.csproj]
<REPOSITORY>\src\ErpSystem.Data\Repositories\Maintenance\TechnicianSkillAssignmentRepository.cs(136,28): warning CS8602: Dereference of a possibly null reference. [<REPOSITORY>\src\ErpSystem.Data\ErpSystem.Data.csproj]
<REPOSITORY>\src\ErpSystem.Data\Repositories\Maintenance\TechnicianSkillAssignmentRepository.cs(137,28): warning CS8602: Dereference of a possibly null reference. [<REPOSITORY>\src\ErpSystem.Data\ErpSystem.Data.csproj]
<REPOSITORY>\src\ErpSystem.Data\Services\CivilEngineeringWeeklySupervisionService.cs(125,138): warning CS8602: Dereference of a possibly null reference. [<REPOSITORY>\src\ErpSystem.Data\ErpSystem.Data.csproj]
<REPOSITORY>\src\ErpSystem.Data\Services\CivilEngineeringWeeklySupervisionService.cs(407,91): warning CS8601: Possible null reference assignment. [<REPOSITORY>\src\ErpSystem.Data\ErpSystem.Data.csproj]
<REPOSITORY>\src\ErpSystem.Data\Services\DatabaseReportsService.cs(1187,52): warning CS8604: Possible null reference argument for parameter 'query' in 'string DatabaseReportsService.ApplyParametersToQuery(string query, Dictionary<string, object>? parameters)'. [<REPOSITORY>\src\ErpSystem.Data\ErpSystem.Data.csproj]
<REPOSITORY>\src\ErpSystem.Data\Services\DatabaseReportsService.cs(1253,39): warning CS8601: Possible null reference assignment. [<REPOSITORY>\src\ErpSystem.Data\ErpSystem.Data.csproj]
<REPOSITORY>\src\ErpSystem.Data\Migrations\20260802171742_TDC0613InventoryValuationReconciliation.cs(99,6): warning CS8600: Converting null literal or possible null value to non-nullable type. [<REPOSITORY>\src\ErpSystem.Data\ErpSystem.Data.csproj]
<REPOSITORY>\src\ErpSystem.Data\Migrations\20260802171742_TDC0613InventoryValuationReconciliation.cs(112,6): warning CS8600: Converting null literal or possible null value to non-nullable type. [<REPOSITORY>\src\ErpSystem.Data\ErpSystem.Data.csproj]
<REPOSITORY>\src\ErpSystem.Data\Migrations\20260802171742_TDC0613InventoryValuationReconciliation.cs(14,117): warning CS8600: Converting null literal or possible null value to non-nullable type. [<REPOSITORY>\src\ErpSystem.Data\ErpSystem.Data.csproj]
<REPOSITORY>\src\ErpSystem.Data\Migrations\20260802171742_TDC0613InventoryValuationReconciliation.cs(14,138): warning CS8600: Converting null literal or possible null value to non-nullable type. [<REPOSITORY>\src\ErpSystem.Data\ErpSystem.Data.csproj]
<REPOSITORY>\src\ErpSystem.Data\Migrations\20260802171742_TDC0613InventoryValuationReconciliation.cs(14,152): warning CS8600: Converting null literal or possible null value to non-nullable type. [<REPOSITORY>\src\ErpSystem.Data\ErpSystem.Data.csproj]
<REPOSITORY>\src\ErpSystem.Data\Migrations\20260802171742_TDC0613InventoryValuationReconciliation.cs(14,166): warning CS8600: Converting null literal or possible null value to non-nullable type. [<REPOSITORY>\src\ErpSystem.Data\ErpSystem.Data.csproj]
<REPOSITORY>\src\ErpSystem.Data\Migrations\20260802171742_TDC0613InventoryValuationReconciliation.cs(14,193): warning CS8600: Converting null literal or possible null value to non-nullable type. [<REPOSITORY>\src\ErpSystem.Data\ErpSystem.Data.csproj]
<REPOSITORY>\src\ErpSystem.Data\Migrations\20260802171742_TDC0613InventoryValuationReconciliation.cs(14,207): warning CS8600: Converting null literal or possible null value to non-nullable type. [<REPOSITORY>\src\ErpSystem.Data\ErpSystem.Data.csproj]
<REPOSITORY>\src\ErpSystem.Data\Migrations\20260802171742_TDC0613InventoryValuationReconciliation.cs(16,126): warning CS8600: Converting null literal or possible null value to non-nullable type. [<REPOSITORY>\src\ErpSystem.Data\ErpSystem.Data.csproj]
<REPOSITORY>\src\ErpSystem.Data\Migrations\20260802171742_TDC0613InventoryValuationReconciliation.cs(16,147): warning CS8600: Converting null literal or possible null value to non-nullable type. [<REPOSITORY>\src\ErpSystem.Data\ErpSystem.Data.csproj]
<REPOSITORY>\src\ErpSystem.Data\Migrations\20260802171742_TDC0613InventoryValuationReconciliation.cs(16,161): warning CS8600: Converting null literal or possible null value to non-nullable type. [<REPOSITORY>\src\ErpSystem.Data\ErpSystem.Data.csproj]
<REPOSITORY>\src\ErpSystem.Data\Migrations\20260802171742_TDC0613InventoryValuationReconciliation.cs(16,175): warning CS8600: Converting null literal or possible null value to non-nullable type. [<REPOSITORY>\src\ErpSystem.Data\ErpSystem.Data.csproj]
<REPOSITORY>\src\ErpSystem.Data\Migrations\20260802171742_TDC0613InventoryValuationReconciliation.cs(16,202): warning CS8600: Converting null literal or possible null value to non-nullable type. [<REPOSITORY>\src\ErpSystem.Data\ErpSystem.Data.csproj]
<REPOSITORY>\src\ErpSystem.Data\Migrations\20260802171742_TDC0613InventoryValuationReconciliation.cs(16,216): warning CS8600: Converting null literal or possible null value to non-nullable type. [<REPOSITORY>\src\ErpSystem.Data\ErpSystem.Data.csproj]
<REPOSITORY>\src\ErpSystem.Data\Migrations\20260802171742_TDC0613InventoryValuationReconciliation.cs(17,129): warning CS8600: Converting null literal or possible null value to non-nullable type. [<REPOSITORY>\src\ErpSystem.Data\ErpSystem.Data.csproj]
<REPOSITORY>\src\ErpSystem.Data\Migrations\20260802171742_TDC0613InventoryValuationReconciliation.cs(17,150): warning CS8600: Converting null literal or possible null value to non-nullable type. [<REPOSITORY>\src\ErpSystem.Data\ErpSystem.Data.csproj]
<REPOSITORY>\src\ErpSystem.Data\Migrations\20260802171742_TDC0613InventoryValuationReconciliation.cs(17,164): warning CS8600: Converting null literal or possible null value to non-nullable type. [<REPOSITORY>\src\ErpSystem.Data\ErpSystem.Data.csproj]
<REPOSITORY>\src\ErpSystem.Data\Migrations\20260802171742_TDC0613InventoryValuationReconciliation.cs(17,178): warning CS8600: Converting null literal or possible null value to non-nullable type. [<REPOSITORY>\src\ErpSystem.Data\ErpSystem.Data.csproj]
<REPOSITORY>\src\ErpSystem.Data\Migrations\20260802171742_TDC0613InventoryValuationReconciliation.cs(17,205): warning CS8600: Converting null literal or possible null value to non-nullable type. [<REPOSITORY>\src\ErpSystem.Data\ErpSystem.Data.csproj]
<REPOSITORY>\src\ErpSystem.Data\Migrations\20260802171742_TDC0613InventoryValuationReconciliation.cs(17,219): warning CS8600: Converting null literal or possible null value to non-nullable type. [<REPOSITORY>\src\ErpSystem.Data\ErpSystem.Data.csproj]
<REPOSITORY>\src\ErpSystem.Data\Migrations\20260802171742_TDC0613InventoryValuationReconciliation.cs(18,125): warning CS8600: Converting null literal or possible null value to non-nullable type. [<REPOSITORY>\src\ErpSystem.Data\ErpSystem.Data.csproj]
<REPOSITORY>\src\ErpSystem.Data\Migrations\20260802171742_TDC0613InventoryValuationReconciliation.cs(18,146): warning CS8600: Converting null literal or possible null value to non-nullable type. [<REPOSITORY>\src\ErpSystem.Data\ErpSystem.Data.csproj]
<REPOSITORY>\src\ErpSystem.Data\Migrations\20260802171742_TDC0613InventoryValuationReconciliation.cs(18,160): warning CS8600: Converting null literal or possible null value to non-nullable type. [<REPOSITORY>\src\ErpSystem.Data\ErpSystem.Data.csproj]
<REPOSITORY>\src\ErpSystem.Data\Migrations\20260802171742_TDC0613InventoryValuationReconciliation.cs(18,174): warning CS8600: Converting null literal or possible null value to non-nullable type. [<REPOSITORY>\src\ErpSystem.Data\ErpSystem.Data.csproj]
<REPOSITORY>\src\ErpSystem.Data\Migrations\20260802171742_TDC0613InventoryValuationReconciliation.cs(18,201): warning CS8600: Converting null literal or possible null value to non-nullable type. [<REPOSITORY>\src\ErpSystem.Data\ErpSystem.Data.csproj]
<REPOSITORY>\src\ErpSystem.Data\Migrations\20260802171742_TDC0613InventoryValuationReconciliation.cs(18,215): warning CS8600: Converting null literal or possible null value to non-nullable type. [<REPOSITORY>\src\ErpSystem.Data\ErpSystem.Data.csproj]
<REPOSITORY>\src\ErpSystem.Data\Migrations\20260802171742_TDC0613InventoryValuationReconciliation.cs(19,107): warning CS8600: Converting null literal or possible null value to non-nullable type. [<REPOSITORY>\src\ErpSystem.Data\ErpSystem.Data.csproj]
<REPOSITORY>\src\ErpSystem.Data\Migrations\20260802171742_TDC0613InventoryValuationReconciliation.cs(19,128): warning CS8600: Converting null literal or possible null value to non-nullable type. [<REPOSITORY>\src\ErpSystem.Data\ErpSystem.Data.csproj]
<REPOSITORY>\src\ErpSystem.Data\Migrations\20260802171742_TDC0613InventoryValuationReconciliation.cs(19,142): warning CS8600: Converting null literal or possible null value to non-nullable type. [<REPOSITORY>\src\ErpSystem.Data\ErpSystem.Data.csproj]
<REPOSITORY>\src\ErpSystem.Data\Migrations\20260802171742_TDC0613InventoryValuationReconciliation.cs(19,156): warning CS8600: Converting null literal or possible null value to non-nullable type. [<REPOSITORY>\src\ErpSystem.Data\ErpSystem.Data.csproj]
<REPOSITORY>\src\ErpSystem.Data\Migrations\20260802171742_TDC0613InventoryValuationReconciliation.cs(19,183): warning CS8600: Converting null literal or possible null value to non-nullable type. [<REPOSITORY>\src\ErpSystem.Data\ErpSystem.Data.csproj]
<REPOSITORY>\src\ErpSystem.Data\Migrations\20260802171742_TDC0613InventoryValuationReconciliation.cs(19,197): warning CS8600: Converting null literal or possible null value to non-nullable type. [<REPOSITORY>\src\ErpSystem.Data\ErpSystem.Data.csproj]
<REPOSITORY>\src\ErpSystem.Data\Migrations\20260802171742_TDC0613InventoryValuationReconciliation.cs(21,127): warning CS8600: Converting null literal or possible null value to non-nullable type. [<REPOSITORY>\src\ErpSystem.Data\ErpSystem.Data.csproj]
<REPOSITORY>\src\ErpSystem.Data\Migrations\20260802171742_TDC0613InventoryValuationReconciliation.cs(21,148): warning CS8600: Converting null literal or possible null value to non-nullable type. [<REPOSITORY>\src\ErpSystem.Data\ErpSystem.Data.csproj]
<REPOSITORY>\src\ErpSystem.Data\Migrations\20260802171742_TDC0613InventoryValuationReconciliation.cs(21,162): warning CS8600: Converting null literal or possible null value to non-nullable type. [<REPOSITORY>\src\ErpSystem.Data\ErpSystem.Data.csproj]
<REPOSITORY>\src\ErpSystem.Data\Migrations\20260802171742_TDC0613InventoryValuationReconciliation.cs(21,176): warning CS8600: Converting null literal or possible null value to non-nullable type. [<REPOSITORY>\src\ErpSystem.Data\ErpSystem.Data.csproj]
<REPOSITORY>\src\ErpSystem.Data\Migrations\20260802171742_TDC0613InventoryValuationReconciliation.cs(21,203): warning CS8600: Converting null literal or possible null value to non-nullable type. [<REPOSITORY>\src\ErpSystem.Data\ErpSystem.Data.csproj]
<REPOSITORY>\src\ErpSystem.Data\Migrations\20260802171742_TDC0613InventoryValuationReconciliation.cs(21,217): warning CS8600: Converting null literal or possible null value to non-nullable type. [<REPOSITORY>\src\ErpSystem.Data\ErpSystem.Data.csproj]
<REPOSITORY>\src\ErpSystem.Data\Migrations\20260802171742_TDC0613InventoryValuationReconciliation.cs(22,140): warning CS8600: Converting null literal or possible null value to non-nullable type. [<REPOSITORY>\src\ErpSystem.Data\ErpSystem.Data.csproj]
<REPOSITORY>\src\ErpSystem.Data\Migrations\20260802171742_TDC0613InventoryValuationReconciliation.cs(22,161): warning CS8600: Converting null literal or possible null value to non-nullable type. [<REPOSITORY>\src\ErpSystem.Data\ErpSystem.Data.csproj]
<REPOSITORY>\src\ErpSystem.Data\Migrations\20260802171742_TDC0613InventoryValuationReconciliation.cs(22,175): warning CS8600: Converting null literal or possible null value to non-nullable type. [<REPOSITORY>\src\ErpSystem.Data\ErpSystem.Data.csproj]
<REPOSITORY>\src\ErpSystem.Data\Migrations\20260802171742_TDC0613InventoryValuationReconciliation.cs(22,189): warning CS8600: Converting null literal or possible null value to non-nullable type. [<REPOSITORY>\src\ErpSystem.Data\ErpSystem.Data.csproj]
<REPOSITORY>\src\ErpSystem.Data\Migrations\20260802171742_TDC0613InventoryValuationReconciliation.cs(22,216): warning CS8600: Converting null literal or possible null value to non-nullable type. [<REPOSITORY>\src\ErpSystem.Data\ErpSystem.Data.csproj]
<REPOSITORY>\src\ErpSystem.Data\Migrations\20260802171742_TDC0613InventoryValuationReconciliation.cs(22,230): warning CS8600: Converting null literal or possible null value to non-nullable type. [<REPOSITORY>\src\ErpSystem.Data\ErpSystem.Data.csproj]
<REPOSITORY>\src\ErpSystem.Data\Migrations\20260802171742_TDC0613InventoryValuationReconciliation.cs(23,136): warning CS8600: Converting null literal or possible null value to non-nullable type. [<REPOSITORY>\src\ErpSystem.Data\ErpSystem.Data.csproj]
<REPOSITORY>\src\ErpSystem.Data\Migrations\20260802171742_TDC0613InventoryValuationReconciliation.cs(23,157): warning CS8600: Converting null literal or possible null value to non-nullable type. [<REPOSITORY>\src\ErpSystem.Data\ErpSystem.Data.csproj]
<REPOSITORY>\src\ErpSystem.Data\Migrations\20260802171742_TDC0613InventoryValuationReconciliation.cs(23,171): warning CS8600: Converting null literal or possible null value to non-nullable type. [<REPOSITORY>\src\ErpSystem.Data\ErpSystem.Data.csproj]
<REPOSITORY>\src\ErpSystem.Data\Migrations\20260802171742_TDC0613InventoryValuationReconciliation.cs(23,185): warning CS8600: Converting null literal or possible null value to non-nullable type. [<REPOSITORY>\src\ErpSystem.Data\ErpSystem.Data.csproj]
<REPOSITORY>\src\ErpSystem.Data\Migrations\20260802171742_TDC0613InventoryValuationReconciliation.cs(23,212): warning CS8600: Converting null literal or possible null value to non-nullable type. [<REPOSITORY>\src\ErpSystem.Data\ErpSystem.Data.csproj]
<REPOSITORY>\src\ErpSystem.Data\Migrations\20260802171742_TDC0613InventoryValuationReconciliation.cs(23,226): warning CS8600: Converting null literal or possible null value to non-nullable type. [<REPOSITORY>\src\ErpSystem.Data\ErpSystem.Data.csproj]
<REPOSITORY>\src\ErpSystem.Data\Migrations\20260802171742_TDC0613InventoryValuationReconciliation.cs(24,136): warning CS8600: Converting null literal or possible null value to non-nullable type. [<REPOSITORY>\src\ErpSystem.Data\ErpSystem.Data.csproj]
<REPOSITORY>\src\ErpSystem.Data\Migrations\20260802171742_TDC0613InventoryValuationReconciliation.cs(24,157): warning CS8600: Converting null literal or possible null value to non-nullable type. [<REPOSITORY>\src\ErpSystem.Data\ErpSystem.Data.csproj]
<REPOSITORY>\src\ErpSystem.Data\Migrations\20260802171742_TDC0613InventoryValuationReconciliation.cs(24,171): warning CS8600: Converting null literal or possible null value to non-nullable type. [<REPOSITORY>\src\ErpSystem.Data\ErpSystem.Data.csproj]
<REPOSITORY>\src\ErpSystem.Data\Migrations\20260802171742_TDC0613InventoryValuationReconciliation.cs(24,185): warning CS8600: Converting null literal or possible null value to non-nullable type. [<REPOSITORY>\src\ErpSystem.Data\ErpSystem.Data.csproj]
<REPOSITORY>\src\ErpSystem.Data\Migrations\20260802171742_TDC0613InventoryValuationReconciliation.cs(24,212): warning CS8600: Converting null literal or possible null value to non-nullable type. [<REPOSITORY>\src\ErpSystem.Data\ErpSystem.Data.csproj]
<REPOSITORY>\src\ErpSystem.Data\Migrations\20260802171742_TDC0613InventoryValuationReconciliation.cs(24,226): warning CS8600: Converting null literal or possible null value to non-nullable type. [<REPOSITORY>\src\ErpSystem.Data\ErpSystem.Data.csproj]
<REPOSITORY>\src\ErpSystem.Data\Migrations\20260802171742_TDC0613InventoryValuationReconciliation.cs(25,139): warning CS8600: Converting null literal or possible null value to non-nullable type. [<REPOSITORY>\src\ErpSystem.Data\ErpSystem.Data.csproj]
<REPOSITORY>\src\ErpSystem.Data\Migrations\20260802171742_TDC0613InventoryValuationReconciliation.cs(25,160): warning CS8600: Converting null literal or possible null value to non-nullable type. [<REPOSITORY>\src\ErpSystem.Data\ErpSystem.Data.csproj]
<REPOSITORY>\src\ErpSystem.Data\Migrations\20260802171742_TDC0613InventoryValuationReconciliation.cs(25,174): warning CS8600: Converting null literal or possible null value to non-nullable type. [<REPOSITORY>\src\ErpSystem.Data\ErpSystem.Data.csproj]
<REPOSITORY>\src\ErpSystem.Data\Migrations\20260802171742_TDC0613InventoryValuationReconciliation.cs(25,188): warning CS8600: Converting null literal or possible null value to non-nullable type. [<REPOSITORY>\src\ErpSystem.Data\ErpSystem.Data.csproj]
<REPOSITORY>\src\ErpSystem.Data\Migrations\20260802171742_TDC0613InventoryValuationReconciliation.cs(25,215): warning CS8600: Converting null literal or possible null value to non-nullable type. [<REPOSITORY>\src\ErpSystem.Data\ErpSystem.Data.csproj]
<REPOSITORY>\src\ErpSystem.Data\Migrations\20260802171742_TDC0613InventoryValuationReconciliation.cs(25,229): warning CS8600: Converting null literal or possible null value to non-nullable type. [<REPOSITORY>\src\ErpSystem.Data\ErpSystem.Data.csproj]
<REPOSITORY>\src\ErpSystem.Data\Migrations\20260802171742_TDC0613InventoryValuationReconciliation.cs(26,138): warning CS8600: Converting null literal or possible null value to non-nullable type. [<REPOSITORY>\src\ErpSystem.Data\ErpSystem.Data.csproj]
<REPOSITORY>\src\ErpSystem.Data\Migrations\20260802171742_TDC0613InventoryValuationReconciliation.cs(26,159): warning CS8600: Converting null literal or possible null value to non-nullable type. [<REPOSITORY>\src\ErpSystem.Data\ErpSystem.Data.csproj]
<REPOSITORY>\src\ErpSystem.Data\Migrations\20260802171742_TDC0613InventoryValuationReconciliation.cs(26,173): warning CS8600: Converting null literal or possible null value to non-nullable type. [<REPOSITORY>\src\ErpSystem.Data\ErpSystem.Data.csproj]
<REPOSITORY>\src\ErpSystem.Data\Migrations\20260802171742_TDC0613InventoryValuationReconciliation.cs(26,187): warning CS8600: Converting null literal or possible null value to non-nullable type. [<REPOSITORY>\src\ErpSystem.Data\ErpSystem.Data.csproj]
<REPOSITORY>\src\ErpSystem.Data\Migrations\20260802171742_TDC0613InventoryValuationReconciliation.cs(26,214): warning CS8600: Converting null literal or possible null value to non-nullable type. [<REPOSITORY>\src\ErpSystem.Data\ErpSystem.Data.csproj]
<REPOSITORY>\src\ErpSystem.Data\Migrations\20260802171742_TDC0613InventoryValuationReconciliation.cs(26,228): warning CS8600: Converting null literal or possible null value to non-nullable type. [<REPOSITORY>\src\ErpSystem.Data\ErpSystem.Data.csproj]
<REPOSITORY>\src\ErpSystem.Data\Migrations\20260802171742_TDC0613InventoryValuationReconciliation.cs(27,138): warning CS8600: Converting null literal or possible null value to non-nullable type. [<REPOSITORY>\src\ErpSystem.Data\ErpSystem.Data.csproj]
<REPOSITORY>\src\ErpSystem.Data\Migrations\20260802171742_TDC0613InventoryValuationReconciliation.cs(27,159): warning CS8600: Converting null literal or possible null value to non-nullable type. [<REPOSITORY>\src\ErpSystem.Data\ErpSystem.Data.csproj]
<REPOSITORY>\src\ErpSystem.Data\Migrations\20260802171742_TDC0613InventoryValuationReconciliation.cs(27,173): warning CS8600: Converting null literal or possible null value to non-nullable type. [<REPOSITORY>\src\ErpSystem.Data\ErpSystem.Data.csproj]
<REPOSITORY>\src\ErpSystem.Data\Migrations\20260802171742_TDC0613InventoryValuationReconciliation.cs(27,187): warning CS8600: Converting null literal or possible null value to non-nullable type. [<REPOSITORY>\src\ErpSystem.Data\ErpSystem.Data.csproj]
<REPOSITORY>\src\ErpSystem.Data\Migrations\20260802171742_TDC0613InventoryValuationReconciliation.cs(27,214): warning CS8600: Converting null literal or possible null value to non-nullable type. [<REPOSITORY>\src\ErpSystem.Data\ErpSystem.Data.csproj]
<REPOSITORY>\src\ErpSystem.Data\Migrations\20260802171742_TDC0613InventoryValuationReconciliation.cs(27,228): warning CS8600: Converting null literal or possible null value to non-nullable type. [<REPOSITORY>\src\ErpSystem.Data\ErpSystem.Data.csproj]
<REPOSITORY>\src\ErpSystem.Data\Migrations\20260802171742_TDC0613InventoryValuationReconciliation.cs(28,141): warning CS8600: Converting null literal or possible null value to non-nullable type. [<REPOSITORY>\src\ErpSystem.Data\ErpSystem.Data.csproj]
<REPOSITORY>\src\ErpSystem.Data\Migrations\20260802171742_TDC0613InventoryValuationReconciliation.cs(28,162): warning CS8600: Converting null literal or possible null value to non-nullable type. [<REPOSITORY>\src\ErpSystem.Data\ErpSystem.Data.csproj]
<REPOSITORY>\src\ErpSystem.Data\Migrations\20260802171742_TDC0613InventoryValuationReconciliation.cs(28,176): warning CS8600: Converting null literal or possible null value to non-nullable type. [<REPOSITORY>\src\ErpSystem.Data\ErpSystem.Data.csproj]
<REPOSITORY>\src\ErpSystem.Data\Migrations\20260802171742_TDC0613InventoryValuationReconciliation.cs(28,190): warning CS8600: Converting null literal or possible null value to non-nullable type. [<REPOSITORY>\src\ErpSystem.Data\ErpSystem.Data.csproj]
<REPOSITORY>\src\ErpSystem.Data\Migrations\20260802171742_TDC0613InventoryValuationReconciliation.cs(28,217): warning CS8600: Converting null literal or possible null value to non-nullable type. [<REPOSITORY>\src\ErpSystem.Data\ErpSystem.Data.csproj]
<REPOSITORY>\src\ErpSystem.Data\Migrations\20260802171742_TDC0613InventoryValuationReconciliation.cs(28,231): warning CS8600: Converting null literal or possible null value to non-nullable type. [<REPOSITORY>\src\ErpSystem.Data\ErpSystem.Data.csproj]
<REPOSITORY>\src\ErpSystem.Data\Migrations\20260802171742_TDC0613InventoryValuationReconciliation.cs(29,135): warning CS8600: Converting null literal or possible null value to non-nullable type. [<REPOSITORY>\src\ErpSystem.Data\ErpSystem.Data.csproj]
<REPOSITORY>\src\ErpSystem.Data\Migrations\20260802171742_TDC0613InventoryValuationReconciliation.cs(29,156): warning CS8600: Converting null literal or possible null value to non-nullable type. [<REPOSITORY>\src\ErpSystem.Data\ErpSystem.Data.csproj]
<REPOSITORY>\src\ErpSystem.Data\Migrations\20260802171742_TDC0613InventoryValuationReconciliation.cs(29,170): warning CS8600: Converting null literal or possible null value to non-nullable type. [<REPOSITORY>\src\ErpSystem.Data\ErpSystem.Data.csproj]
<REPOSITORY>\src\ErpSystem.Data\Migrations\20260802171742_TDC0613InventoryValuationReconciliation.cs(29,184): warning CS8600: Converting null literal or possible null value to non-nullable type. [<REPOSITORY>\src\ErpSystem.Data\ErpSystem.Data.csproj]
<REPOSITORY>\src\ErpSystem.Data\Migrations\20260802171742_TDC0613InventoryValuationReconciliation.cs(29,211): warning CS8600: Converting null literal or possible null value to non-nullable type. [<REPOSITORY>\src\ErpSystem.Data\ErpSystem.Data.csproj]
<REPOSITORY>\src\ErpSystem.Data\Migrations\20260802171742_TDC0613InventoryValuationReconciliation.cs(29,225): warning CS8600: Converting null literal or possible null value to non-nullable type. [<REPOSITORY>\src\ErpSystem.Data\ErpSystem.Data.csproj]
<REPOSITORY>\src\ErpSystem.Data\Migrations\20260802171742_TDC0613InventoryValuationReconciliation.cs(30,133): warning CS8600: Converting null literal or possible null value to non-nullable type. [<REPOSITORY>\src\ErpSystem.Data\ErpSystem.Data.csproj]
<REPOSITORY>\src\ErpSystem.Data\Migrations\20260802171742_TDC0613InventoryValuationReconciliation.cs(30,154): warning CS8600: Converting null literal or possible null value to non-nullable type. [<REPOSITORY>\src\ErpSystem.Data\ErpSystem.Data.csproj]
<REPOSITORY>\src\ErpSystem.Data\Migrations\20260802171742_TDC0613InventoryValuationReconciliation.cs(30,168): warning CS8600: Converting null literal or possible null value to non-nullable type. [<REPOSITORY>\src\ErpSystem.Data\ErpSystem.Data.csproj]
<REPOSITORY>\src\ErpSystem.Data\Migrations\20260802171742_TDC0613InventoryValuationReconciliation.cs(30,182): warning CS8600: Converting null literal or possible null value to non-nullable type. [<REPOSITORY>\src\ErpSystem.Data\ErpSystem.Data.csproj]
<REPOSITORY>\src\ErpSystem.Data\Migrations\20260802171742_TDC0613InventoryValuationReconciliation.cs(30,209): warning CS8600: Converting null literal or possible null value to non-nullable type. [<REPOSITORY>\src\ErpSystem.Data\ErpSystem.Data.csproj]
<REPOSITORY>\src\ErpSystem.Data\Migrations\20260802171742_TDC0613InventoryValuationReconciliation.cs(30,223): warning CS8600: Converting null literal or possible null value to non-nullable type. [<REPOSITORY>\src\ErpSystem.Data\ErpSystem.Data.csproj]
<REPOSITORY>\src\ErpSystem.Data\Migrations\20260802171742_TDC0613InventoryValuationReconciliation.cs(31,137): warning CS8600: Converting null literal or possible null value to non-nullable type. [<REPOSITORY>\src\ErpSystem.Data\ErpSystem.Data.csproj]
<REPOSITORY>\src\ErpSystem.Data\Migrations\20260802171742_TDC0613InventoryValuationReconciliation.cs(31,158): warning CS8600: Converting null literal or possible null value to non-nullable type. [<REPOSITORY>\src\ErpSystem.Data\ErpSystem.Data.csproj]
<REPOSITORY>\src\ErpSystem.Data\Migrations\20260802171742_TDC0613InventoryValuationReconciliation.cs(31,172): warning CS8600: Converting null literal or possible null value to non-nullable type. [<REPOSITORY>\src\ErpSystem.Data\ErpSystem.Data.csproj]
<REPOSITORY>\src\ErpSystem.Data\Migrations\20260802171742_TDC0613InventoryValuationReconciliation.cs(31,186): warning CS8600: Converting null literal or possible null value to non-nullable type. [<REPOSITORY>\src\ErpSystem.Data\ErpSystem.Data.csproj]
<REPOSITORY>\src\ErpSystem.Data\Migrations\20260802171742_TDC0613InventoryValuationReconciliation.cs(31,213): warning CS8600: Converting null literal or possible null value to non-nullable type. [<REPOSITORY>\src\ErpSystem.Data\ErpSystem.Data.csproj]
<REPOSITORY>\src\ErpSystem.Data\Migrations\20260802171742_TDC0613InventoryValuationReconciliation.cs(31,227): warning CS8600: Converting null literal or possible null value to non-nullable type. [<REPOSITORY>\src\ErpSystem.Data\ErpSystem.Data.csproj]
<REPOSITORY>\src\ErpSystem.Data\Migrations\20260802171742_TDC0613InventoryValuationReconciliation.cs(32,130): warning CS8600: Converting null literal or possible null value to non-nullable type. [<REPOSITORY>\src\ErpSystem.Data\ErpSystem.Data.csproj]
<REPOSITORY>\src\ErpSystem.Data\Migrations\20260802171742_TDC0613InventoryValuationReconciliation.cs(32,151): warning CS8600: Converting null literal or possible null value to non-nullable type. [<REPOSITORY>\src\ErpSystem.Data\ErpSystem.Data.csproj]
<REPOSITORY>\src\ErpSystem.Data\Migrations\20260802171742_TDC0613InventoryValuationReconciliation.cs(32,165): warning CS8600: Converting null literal or possible null value to non-nullable type. [<REPOSITORY>\src\ErpSystem.Data\ErpSystem.Data.csproj]
<REPOSITORY>\src\ErpSystem.Data\Migrations\20260802171742_TDC0613InventoryValuationReconciliation.cs(32,179): warning CS8600: Converting null literal or possible null value to non-nullable type. [<REPOSITORY>\src\ErpSystem.Data\ErpSystem.Data.csproj]
<REPOSITORY>\src\ErpSystem.Data\Migrations\20260802171742_TDC0613InventoryValuationReconciliation.cs(32,206): warning CS8600: Converting null literal or possible null value to non-nullable type. [<REPOSITORY>\src\ErpSystem.Data\ErpSystem.Data.csproj]
<REPOSITORY>\src\ErpSystem.Data\Migrations\20260802171742_TDC0613InventoryValuationReconciliation.cs(32,220): warning CS8600: Converting null literal or possible null value to non-nullable type. [<REPOSITORY>\src\ErpSystem.Data\ErpSystem.Data.csproj]
<REPOSITORY>\src\ErpSystem.Data\Migrations\20260802171742_TDC0613InventoryValuationReconciliation.cs(33,122): warning CS8600: Converting null literal or possible null value to non-nullable type. [<REPOSITORY>\src\ErpSystem.Data\ErpSystem.Data.csproj]
<REPOSITORY>\src\ErpSystem.Data\Migrations\20260802171742_TDC0613InventoryValuationReconciliation.cs(33,143): warning CS8600: Converting null literal or possible null value to non-nullable type. [<REPOSITORY>\src\ErpSystem.Data\ErpSystem.Data.csproj]
<REPOSITORY>\src\ErpSystem.Data\Migrations\20260802171742_TDC0613InventoryValuationReconciliation.cs(33,157): warning CS8600: Converting null literal or possible null value to non-nullable type. [<REPOSITORY>\src\ErpSystem.Data\ErpSystem.Data.csproj]
<REPOSITORY>\src\ErpSystem.Data\Migrations\20260802171742_TDC0613InventoryValuationReconciliation.cs(33,171): warning CS8600: Converting null literal or possible null value to non-nullable type. [<REPOSITORY>\src\ErpSystem.Data\ErpSystem.Data.csproj]
<REPOSITORY>\src\ErpSystem.Data\Migrations\20260802171742_TDC0613InventoryValuationReconciliation.cs(33,198): warning CS8600: Converting null literal or possible null value to non-nullable type. [<REPOSITORY>\src\ErpSystem.Data\ErpSystem.Data.csproj]
<REPOSITORY>\src\ErpSystem.Data\Migrations\20260802171742_TDC0613InventoryValuationReconciliation.cs(33,212): warning CS8600: Converting null literal or possible null value to non-nullable type. [<REPOSITORY>\src\ErpSystem.Data\ErpSystem.Data.csproj]
<REPOSITORY>\src\ErpSystem.Data\Migrations\20260802171742_TDC0613InventoryValuationReconciliation.cs(34,125): warning CS8600: Converting null literal or possible null value to non-nullable type. [<REPOSITORY>\src\ErpSystem.Data\ErpSystem.Data.csproj]
<REPOSITORY>\src\ErpSystem.Data\Migrations\20260802171742_TDC0613InventoryValuationReconciliation.cs(34,146): warning CS8600: Converting null literal or possible null value to non-nullable type. [<REPOSITORY>\src\ErpSystem.Data\ErpSystem.Data.csproj]
<REPOSITORY>\src\ErpSystem.Data\Migrations\20260802171742_TDC0613InventoryValuationReconciliation.cs(34,160): warning CS8600: Converting null literal or possible null value to non-nullable type. [<REPOSITORY>\src\ErpSystem.Data\ErpSystem.Data.csproj]
<REPOSITORY>\src\ErpSystem.Data\Migrations\20260802171742_TDC0613InventoryValuationReconciliation.cs(34,174): warning CS8600: Converting null literal or possible null value to non-nullable type. [<REPOSITORY>\src\ErpSystem.Data\ErpSystem.Data.csproj]
<REPOSITORY>\src\ErpSystem.Data\Migrations\20260802171742_TDC0613InventoryValuationReconciliation.cs(34,201): warning CS8600: Converting null literal or possible null value to non-nullable type. [<REPOSITORY>\src\ErpSystem.Data\ErpSystem.Data.csproj]
<REPOSITORY>\src\ErpSystem.Data\Migrations\20260802171742_TDC0613InventoryValuationReconciliation.cs(34,215): warning CS8600: Converting null literal or possible null value to non-nullable type. [<REPOSITORY>\src\ErpSystem.Data\ErpSystem.Data.csproj]
<REPOSITORY>\src\ErpSystem.Data\Migrations\20260802171742_TDC0613InventoryValuationReconciliation.cs(35,124): warning CS8600: Converting null literal or possible null value to non-nullable type. [<REPOSITORY>\src\ErpSystem.Data\ErpSystem.Data.csproj]
<REPOSITORY>\src\ErpSystem.Data\Migrations\20260802171742_TDC0613InventoryValuationReconciliation.cs(35,145): warning CS8600: Converting null literal or possible null value to non-nullable type. [<REPOSITORY>\src\ErpSystem.Data\ErpSystem.Data.csproj]
<REPOSITORY>\src\ErpSystem.Data\Migrations\20260802171742_TDC0613InventoryValuationReconciliation.cs(35,159): warning CS8600: Converting null literal or possible null value to non-nullable type. [<REPOSITORY>\src\ErpSystem.Data\ErpSystem.Data.csproj]
<REPOSITORY>\src\ErpSystem.Data\Migrations\20260802171742_TDC0613InventoryValuationReconciliation.cs(35,173): warning CS8600: Converting null literal or possible null value to non-nullable type. [<REPOSITORY>\src\ErpSystem.Data\ErpSystem.Data.csproj]
<REPOSITORY>\src\ErpSystem.Data\Migrations\20260802171742_TDC0613InventoryValuationReconciliation.cs(35,200): warning CS8600: Converting null literal or possible null value to non-nullable type. [<REPOSITORY>\src\ErpSystem.Data\ErpSystem.Data.csproj]
<REPOSITORY>\src\ErpSystem.Data\Migrations\20260802171742_TDC0613InventoryValuationReconciliation.cs(35,214): warning CS8600: Converting null literal or possible null value to non-nullable type. [<REPOSITORY>\src\ErpSystem.Data\ErpSystem.Data.csproj]
<REPOSITORY>\src\ErpSystem.Data\Migrations\20260802171742_TDC0613InventoryValuationReconciliation.cs(36,128): warning CS8600: Converting null literal or possible null value to non-nullable type. [<REPOSITORY>\src\ErpSystem.Data\ErpSystem.Data.csproj]
<REPOSITORY>\src\ErpSystem.Data\Migrations\20260802171742_TDC0613InventoryValuationReconciliation.cs(36,149): warning CS8600: Converting null literal or possible null value to non-nullable type. [<REPOSITORY>\src\ErpSystem.Data\ErpSystem.Data.csproj]
<REPOSITORY>\src\ErpSystem.Data\Migrations\20260802171742_TDC0613InventoryValuationReconciliation.cs(36,163): warning CS8600: Converting null literal or possible null value to non-nullable type. [<REPOSITORY>\src\ErpSystem.Data\ErpSystem.Data.csproj]
<REPOSITORY>\src\ErpSystem.Data\Migrations\20260802171742_TDC0613InventoryValuationReconciliation.cs(36,177): warning CS8600: Converting null literal or possible null value to non-nullable type. [<REPOSITORY>\src\ErpSystem.Data\ErpSystem.Data.csproj]
<REPOSITORY>\src\ErpSystem.Data\Migrations\20260802171742_TDC0613InventoryValuationReconciliation.cs(36,204): warning CS8600: Converting null literal or possible null value to non-nullable type. [<REPOSITORY>\src\ErpSystem.Data\ErpSystem.Data.csproj]
<REPOSITORY>\src\ErpSystem.Data\Migrations\20260802171742_TDC0613InventoryValuationReconciliation.cs(36,218): warning CS8600: Converting null literal or possible null value to non-nullable type. [<REPOSITORY>\src\ErpSystem.Data\ErpSystem.Data.csproj]
<REPOSITORY>\src\ErpSystem.Data\Migrations\20260802171742_TDC0613InventoryValuationReconciliation.cs(37,115): warning CS8600: Converting null literal or possible null value to non-nullable type. [<REPOSITORY>\src\ErpSystem.Data\ErpSystem.Data.csproj]
<REPOSITORY>\src\ErpSystem.Data\Migrations\20260802171742_TDC0613InventoryValuationReconciliation.cs(37,136): warning CS8600: Converting null literal or possible null value to non-nullable type. [<REPOSITORY>\src\ErpSystem.Data\ErpSystem.Data.csproj]
<REPOSITORY>\src\ErpSystem.Data\Migrations\20260802171742_TDC0613InventoryValuationReconciliation.cs(37,150): warning CS8600: Converting null literal or possible null value to non-nullable type. [<REPOSITORY>\src\ErpSystem.Data\ErpSystem.Data.csproj]
<REPOSITORY>\src\ErpSystem.Data\Migrations\20260802171742_TDC0613InventoryValuationReconciliation.cs(37,164): warning CS8600: Converting null literal or possible null value to non-nullable type. [<REPOSITORY>\src\ErpSystem.Data\ErpSystem.Data.csproj]
<REPOSITORY>\src\ErpSystem.Data\Migrations\20260802171742_TDC0613InventoryValuationReconciliation.cs(37,191): warning CS8600: Converting null literal or possible null value to non-nullable type. [<REPOSITORY>\src\ErpSystem.Data\ErpSystem.Data.csproj]
<REPOSITORY>\src\ErpSystem.Data\Migrations\20260802171742_TDC0613InventoryValuationReconciliation.cs(37,205): warning CS8600: Converting null literal or possible null value to non-nullable type. [<REPOSITORY>\src\ErpSystem.Data\ErpSystem.Data.csproj]
<REPOSITORY>\src\ErpSystem.Data\Migrations\20260802171742_TDC0613InventoryValuationReconciliation.cs(38,126): warning CS8600: Converting null literal or possible null value to non-nullable type. [<REPOSITORY>\src\ErpSystem.Data\ErpSystem.Data.csproj]
<REPOSITORY>\src\ErpSystem.Data\Migrations\20260802171742_TDC0613InventoryValuationReconciliation.cs(38,147): warning CS8600: Converting null literal or possible null value to non-nullable type. [<REPOSITORY>\src\ErpSystem.Data\ErpSystem.Data.csproj]
<REPOSITORY>\src\ErpSystem.Data\Migrations\20260802171742_TDC0613InventoryValuationReconciliation.cs(38,161): warning CS8600: Converting null literal or possible null value to non-nullable type. [<REPOSITORY>\src\ErpSystem.Data\ErpSystem.Data.csproj]
<REPOSITORY>\src\ErpSystem.Data\Migrations\20260802171742_TDC0613InventoryValuationReconciliation.cs(38,175): warning CS8600: Converting null literal or possible null value to non-nullable type. [<REPOSITORY>\src\ErpSystem.Data\ErpSystem.Data.csproj]
<REPOSITORY>\src\ErpSystem.Data\Migrations\20260802171742_TDC0613InventoryValuationReconciliation.cs(38,202): warning CS8600: Converting null literal or possible null value to non-nullable type. [<REPOSITORY>\src\ErpSystem.Data\ErpSystem.Data.csproj]
<REPOSITORY>\src\ErpSystem.Data\Migrations\20260802171742_TDC0613InventoryValuationReconciliation.cs(38,216): warning CS8600: Converting null literal or possible null value to non-nullable type. [<REPOSITORY>\src\ErpSystem.Data\ErpSystem.Data.csproj]
<REPOSITORY>\src\ErpSystem.Data\Migrations\20260802171742_TDC0613InventoryValuationReconciliation.cs(39,128): warning CS8600: Converting null literal or possible null value to non-nullable type. [<REPOSITORY>\src\ErpSystem.Data\ErpSystem.Data.csproj]
<REPOSITORY>\src\ErpSystem.Data\Migrations\20260802171742_TDC0613InventoryValuationReconciliation.cs(39,149): warning CS8600: Converting null literal or possible null value to non-nullable type. [<REPOSITORY>\src\ErpSystem.Data\ErpSystem.Data.csproj]
<REPOSITORY>\src\ErpSystem.Data\Migrations\20260802171742_TDC0613InventoryValuationReconciliation.cs(39,163): warning CS8600: Converting null literal or possible null value to non-nullable type. [<REPOSITORY>\src\ErpSystem.Data\ErpSystem.Data.csproj]
<REPOSITORY>\src\ErpSystem.Data\Migrations\20260802171742_TDC0613InventoryValuationReconciliation.cs(39,177): warning CS8600: Converting null literal or possible null value to non-nullable type. [<REPOSITORY>\src\ErpSystem.Data\ErpSystem.Data.csproj]
<REPOSITORY>\src\ErpSystem.Data\Migrations\20260802171742_TDC0613InventoryValuationReconciliation.cs(39,204): warning CS8600: Converting null literal or possible null value to non-nullable type. [<REPOSITORY>\src\ErpSystem.Data\ErpSystem.Data.csproj]
<REPOSITORY>\src\ErpSystem.Data\Migrations\20260802171742_TDC0613InventoryValuationReconciliation.cs(39,218): warning CS8600: Converting null literal or possible null value to non-nullable type. [<REPOSITORY>\src\ErpSystem.Data\ErpSystem.Data.csproj]
<REPOSITORY>\src\ErpSystem.Data\Migrations\20260802171742_TDC0613InventoryValuationReconciliation.cs(41,118): warning CS8600: Converting null literal or possible null value to non-nullable type. [<REPOSITORY>\src\ErpSystem.Data\ErpSystem.Data.csproj]
<REPOSITORY>\src\ErpSystem.Data\Migrations\20260802171742_TDC0613InventoryValuationReconciliation.cs(41,139): warning CS8600: Converting null literal or possible null value to non-nullable type. [<REPOSITORY>\src\ErpSystem.Data\ErpSystem.Data.csproj]
<REPOSITORY>\src\ErpSystem.Data\Migrations\20260802171742_TDC0613InventoryValuationReconciliation.cs(41,153): warning CS8600: Converting null literal or possible null value to non-nullable type. [<REPOSITORY>\src\ErpSystem.Data\ErpSystem.Data.csproj]
<REPOSITORY>\src\ErpSystem.Data\Migrations\20260802171742_TDC0613InventoryValuationReconciliation.cs(41,167): warning CS8600: Converting null literal or possible null value to non-nullable type. [<REPOSITORY>\src\ErpSystem.Data\ErpSystem.Data.csproj]
<REPOSITORY>\src\ErpSystem.Data\Migrations\20260802171742_TDC0613InventoryValuationReconciliation.cs(41,194): warning CS8600: Converting null literal or possible null value to non-nullable type. [<REPOSITORY>\src\ErpSystem.Data\ErpSystem.Data.csproj]
<REPOSITORY>\src\ErpSystem.Data\Migrations\20260802171742_TDC0613InventoryValuationReconciliation.cs(41,208): warning CS8600: Converting null literal or possible null value to non-nullable type. [<REPOSITORY>\src\ErpSystem.Data\ErpSystem.Data.csproj]
<REPOSITORY>\src\ErpSystem.Data\Migrations\20260802171742_TDC0613InventoryValuationReconciliation.cs(42,128): warning CS8600: Converting null literal or possible null value to non-nullable type. [<REPOSITORY>\src\ErpSystem.Data\ErpSystem.Data.csproj]
<REPOSITORY>\src\ErpSystem.Data\Migrations\20260802171742_TDC0613InventoryValuationReconciliation.cs(42,149): warning CS8600: Converting null literal or possible null value to non-nullable type. [<REPOSITORY>\src\ErpSystem.Data\ErpSystem.Data.csproj]
<REPOSITORY>\src\ErpSystem.Data\Migrations\20260802171742_TDC0613InventoryValuationReconciliation.cs(42,163): warning CS8600: Converting null literal or possible null value to non-nullable type. [<REPOSITORY>\src\ErpSystem.Data\ErpSystem.Data.csproj]
<REPOSITORY>\src\ErpSystem.Data\Migrations\20260802171742_TDC0613InventoryValuationReconciliation.cs(42,177): warning CS8600: Converting null literal or possible null value to non-nullable type. [<REPOSITORY>\src\ErpSystem.Data\ErpSystem.Data.csproj]
<REPOSITORY>\src\ErpSystem.Data\Migrations\20260802171742_TDC0613InventoryValuationReconciliation.cs(42,204): warning CS8600: Converting null literal or possible null value to non-nullable type. [<REPOSITORY>\src\ErpSystem.Data\ErpSystem.Data.csproj]
<REPOSITORY>\src\ErpSystem.Data\Migrations\20260802171742_TDC0613InventoryValuationReconciliation.cs(42,218): warning CS8600: Converting null literal or possible null value to non-nullable type. [<REPOSITORY>\src\ErpSystem.Data\ErpSystem.Data.csproj]
<REPOSITORY>\src\ErpSystem.Data\Migrations\20260802171742_TDC0613InventoryValuationReconciliation.cs(43,126): warning CS8600: Converting null literal or possible null value to non-nullable type. [<REPOSITORY>\src\ErpSystem.Data\ErpSystem.Data.csproj]
<REPOSITORY>\src\ErpSystem.Data\Migrations\20260802171742_TDC0613InventoryValuationReconciliation.cs(43,147): warning CS8600: Converting null literal or possible null value to non-nullable type. [<REPOSITORY>\src\ErpSystem.Data\ErpSystem.Data.csproj]
<REPOSITORY>\src\ErpSystem.Data\Migrations\20260802171742_TDC0613InventoryValuationReconciliation.cs(43,161): warning CS8600: Converting null literal or possible null value to non-nullable type. [<REPOSITORY>\src\ErpSystem.Data\ErpSystem.Data.csproj]
<REPOSITORY>\src\ErpSystem.Data\Migrations\20260802171742_TDC0613InventoryValuationReconciliation.cs(43,175): warning CS8600: Converting null literal or possible null value to non-nullable type. [<REPOSITORY>\src\ErpSystem.Data\ErpSystem.Data.csproj]
<REPOSITORY>\src\ErpSystem.Data\Migrations\20260802171742_TDC0613InventoryValuationReconciliation.cs(43,202): warning CS8600: Converting null literal or possible null value to non-nullable type. [<REPOSITORY>\src\ErpSystem.Data\ErpSystem.Data.csproj]
<REPOSITORY>\src\ErpSystem.Data\Migrations\20260802171742_TDC0613InventoryValuationReconciliation.cs(43,216): warning CS8600: Converting null literal or possible null value to non-nullable type. [<REPOSITORY>\src\ErpSystem.Data\ErpSystem.Data.csproj]
<REPOSITORY>\src\ErpSystem.Data\Migrations\20260802171742_TDC0613InventoryValuationReconciliation.cs(44,125): warning CS8600: Converting null literal or possible null value to non-nullable type. [<REPOSITORY>\src\ErpSystem.Data\ErpSystem.Data.csproj]
<REPOSITORY>\src\ErpSystem.Data\Migrations\20260802171742_TDC0613InventoryValuationReconciliation.cs(44,145): warning CS8600: Converting null literal or possible null value to non-nullable type. [<REPOSITORY>\src\ErpSystem.Data\ErpSystem.Data.csproj]
<REPOSITORY>\src\ErpSystem.Data\Migrations\20260802171742_TDC0613InventoryValuationReconciliation.cs(44,159): warning CS8600: Converting null literal or possible null value to non-nullable type. [<REPOSITORY>\src\ErpSystem.Data\ErpSystem.Data.csproj]
<REPOSITORY>\src\ErpSystem.Data\Migrations\20260802171742_TDC0613InventoryValuationReconciliation.cs(44,173): warning CS8600: Converting null literal or possible null value to non-nullable type. [<REPOSITORY>\src\ErpSystem.Data\ErpSystem.Data.csproj]
<REPOSITORY>\src\ErpSystem.Data\Migrations\20260802171742_TDC0613InventoryValuationReconciliation.cs(44,200): warning CS8600: Converting null literal or possible null value to non-nullable type. [<REPOSITORY>\src\ErpSystem.Data\ErpSystem.Data.csproj]
<REPOSITORY>\src\ErpSystem.Data\Migrations\20260802171742_TDC0613InventoryValuationReconciliation.cs(44,214): warning CS8600: Converting null literal or possible null value to non-nullable type. [<REPOSITORY>\src\ErpSystem.Data\ErpSystem.Data.csproj]
<REPOSITORY>\src\ErpSystem.Data\Migrations\20260802171742_TDC0613InventoryValuationReconciliation.cs(45,123): warning CS8600: Converting null literal or possible null value to non-nullable type. [<REPOSITORY>\src\ErpSystem.Data\ErpSystem.Data.csproj]
<REPOSITORY>\src\ErpSystem.Data\Migrations\20260802171742_TDC0613InventoryValuationReconciliation.cs(45,143): warning CS8600: Converting null literal or possible null value to non-nullable type. [<REPOSITORY>\src\ErpSystem.Data\ErpSystem.Data.csproj]
<REPOSITORY>\src\ErpSystem.Data\Migrations\20260802171742_TDC0613InventoryValuationReconciliation.cs(45,157): warning CS8600: Converting null literal or possible null value to non-nullable type. [<REPOSITORY>\src\ErpSystem.Data\ErpSystem.Data.csproj]
<REPOSITORY>\src\ErpSystem.Data\Migrations\20260802171742_TDC0613InventoryValuationReconciliation.cs(45,171): warning CS8600: Converting null literal or possible null value to non-nullable type. [<REPOSITORY>\src\ErpSystem.Data\ErpSystem.Data.csproj]
<REPOSITORY>\src\ErpSystem.Data\Migrations\20260802171742_TDC0613InventoryValuationReconciliation.cs(45,198): warning CS8600: Converting null literal or possible null value to non-nullable type. [<REPOSITORY>\src\ErpSystem.Data\ErpSystem.Data.csproj]
<REPOSITORY>\src\ErpSystem.Data\Migrations\20260802171742_TDC0613InventoryValuationReconciliation.cs(45,212): warning CS8600: Converting null literal or possible null value to non-nullable type. [<REPOSITORY>\src\ErpSystem.Data\ErpSystem.Data.csproj]
<REPOSITORY>\src\ErpSystem.Data\Migrations\20260802171742_TDC0613InventoryValuationReconciliation.cs(46,133): warning CS8600: Converting null literal or possible null value to non-nullable type. [<REPOSITORY>\src\ErpSystem.Data\ErpSystem.Data.csproj]
<REPOSITORY>\src\ErpSystem.Data\Migrations\20260802171742_TDC0613InventoryValuationReconciliation.cs(46,153): warning CS8600: Converting null literal or possible null value to non-nullable type. [<REPOSITORY>\src\ErpSystem.Data\ErpSystem.Data.csproj]
<REPOSITORY>\src\ErpSystem.Data\Migrations\20260802171742_TDC0613InventoryValuationReconciliation.cs(46,167): warning CS8600: Converting null literal or possible null value to non-nullable type. [<REPOSITORY>\src\ErpSystem.Data\ErpSystem.Data.csproj]
<REPOSITORY>\src\ErpSystem.Data\Migrations\20260802171742_TDC0613InventoryValuationReconciliation.cs(46,181): warning CS8600: Converting null literal or possible null value to non-nullable type. [<REPOSITORY>\src\ErpSystem.Data\ErpSystem.Data.csproj]
<REPOSITORY>\src\ErpSystem.Data\Migrations\20260802171742_TDC0613InventoryValuationReconciliation.cs(46,208): warning CS8600: Converting null literal or possible null value to non-nullable type. [<REPOSITORY>\src\ErpSystem.Data\ErpSystem.Data.csproj]
<REPOSITORY>\src\ErpSystem.Data\Migrations\20260802171742_TDC0613InventoryValuationReconciliation.cs(46,222): warning CS8600: Converting null literal or possible null value to non-nullable type. [<REPOSITORY>\src\ErpSystem.Data\ErpSystem.Data.csproj]
<REPOSITORY>\src\ErpSystem.Data\Migrations\20260802171742_TDC0613InventoryValuationReconciliation.cs(48,121): warning CS8600: Converting null literal or possible null value to non-nullable type. [<REPOSITORY>\src\ErpSystem.Data\ErpSystem.Data.csproj]
<REPOSITORY>\src\ErpSystem.Data\Migrations\20260802171742_TDC0613InventoryValuationReconciliation.cs(48,142): warning CS8600: Converting null literal or possible null value to non-nullable type. [<REPOSITORY>\src\ErpSystem.Data\ErpSystem.Data.csproj]
<REPOSITORY>\src\ErpSystem.Data\Migrations\20260802171742_TDC0613InventoryValuationReconciliation.cs(48,156): warning CS8600: Converting null literal or possible null value to non-nullable type. [<REPOSITORY>\src\ErpSystem.Data\ErpSystem.Data.csproj]
<REPOSITORY>\src\ErpSystem.Data\Migrations\20260802171742_TDC0613InventoryValuationReconciliation.cs(48,170): warning CS8600: Converting null literal or possible null value to non-nullable type. [<REPOSITORY>\src\ErpSystem.Data\ErpSystem.Data.csproj]
<REPOSITORY>\src\ErpSystem.Data\Migrations\20260802171742_TDC0613InventoryValuationReconciliation.cs(48,197): warning CS8600: Converting null literal or possible null value to non-nullable type. [<REPOSITORY>\src\ErpSystem.Data\ErpSystem.Data.csproj]
<REPOSITORY>\src\ErpSystem.Data\Migrations\20260802171742_TDC0613InventoryValuationReconciliation.cs(48,211): warning CS8600: Converting null literal or possible null value to non-nullable type. [<REPOSITORY>\src\ErpSystem.Data\ErpSystem.Data.csproj]
<REPOSITORY>\src\ErpSystem.Data\Migrations\20260802171742_TDC0613InventoryValuationReconciliation.cs(50,117): warning CS8600: Converting null literal or possible null value to non-nullable type. [<REPOSITORY>\src\ErpSystem.Data\ErpSystem.Data.csproj]
<REPOSITORY>\src\ErpSystem.Data\Migrations\20260802171742_TDC0613InventoryValuationReconciliation.cs(50,138): warning CS8600: Converting null literal or possible null value to non-nullable type. [<REPOSITORY>\src\ErpSystem.Data\ErpSystem.Data.csproj]
<REPOSITORY>\src\ErpSystem.Data\Migrations\20260802171742_TDC0613InventoryValuationReconciliation.cs(50,152): warning CS8600: Converting null literal or possible null value to non-nullable type. [<REPOSITORY>\src\ErpSystem.Data\ErpSystem.Data.csproj]
<REPOSITORY>\src\ErpSystem.Data\Migrations\20260802171742_TDC0613InventoryValuationReconciliation.cs(50,166): warning CS8600: Converting null literal or possible null value to non-nullable type. [<REPOSITORY>\src\ErpSystem.Data\ErpSystem.Data.csproj]
<REPOSITORY>\src\ErpSystem.Data\Migrations\20260802171742_TDC0613InventoryValuationReconciliation.cs(50,193): warning CS8600: Converting null literal or possible null value to non-nullable type. [<REPOSITORY>\src\ErpSystem.Data\ErpSystem.Data.csproj]
<REPOSITORY>\src\ErpSystem.Data\Migrations\20260802171742_TDC0613InventoryValuationReconciliation.cs(50,207): warning CS8600: Converting null literal or possible null value to non-nullable type. [<REPOSITORY>\src\ErpSystem.Data\ErpSystem.Data.csproj]
<REPOSITORY>\src\ErpSystem.Data\Migrations\20260802171742_TDC0613InventoryValuationReconciliation.cs(86,84): warning CS8600: Converting null literal or possible null value to non-nullable type. [<REPOSITORY>\src\ErpSystem.Data\ErpSystem.Data.csproj]
<REPOSITORY>\src\ErpSystem.Data\Migrations\20260802171742_TDC0613InventoryValuationReconciliation.cs(86,105): warning CS8600: Converting null literal or possible null value to non-nullable type. [<REPOSITORY>\src\ErpSystem.Data\ErpSystem.Data.csproj]
<REPOSITORY>\src\ErpSystem.Data\Migrations\20260802171742_TDC0613InventoryValuationReconciliation.cs(86,119): warning CS8600: Converting null literal or possible null value to non-nullable type. [<REPOSITORY>\src\ErpSystem.Data\ErpSystem.Data.csproj]
<REPOSITORY>\src\ErpSystem.Data\Migrations\20260802171742_TDC0613InventoryValuationReconciliation.cs(86,133): warning CS8600: Converting null literal or possible null value to non-nullable type. [<REPOSITORY>\src\ErpSystem.Data\ErpSystem.Data.csproj]
<REPOSITORY>\src\ErpSystem.Data\Migrations\20260802171742_TDC0613InventoryValuationReconciliation.cs(86,160): warning CS8600: Converting null literal or possible null value to non-nullable type. [<REPOSITORY>\src\ErpSystem.Data\ErpSystem.Data.csproj]
<REPOSITORY>\src\ErpSystem.Data\Migrations\20260802171742_TDC0613InventoryValuationReconciliation.cs(86,174): warning CS8600: Converting null literal or possible null value to non-nullable type. [<REPOSITORY>\src\ErpSystem.Data\ErpSystem.Data.csproj]
<REPOSITORY>\src\ErpSystem.Data\Migrations\20260802171742_TDC0613InventoryValuationReconciliation.cs(87,84): warning CS8600: Converting null literal or possible null value to non-nullable type. [<REPOSITORY>\src\ErpSystem.Data\ErpSystem.Data.csproj]
<REPOSITORY>\src\ErpSystem.Data\Migrations\20260802171742_TDC0613InventoryValuationReconciliation.cs(87,105): warning CS8600: Converting null literal or possible null value to non-nullable type. [<REPOSITORY>\src\ErpSystem.Data\ErpSystem.Data.csproj]
<REPOSITORY>\src\ErpSystem.Data\Migrations\20260802171742_TDC0613InventoryValuationReconciliation.cs(87,119): warning CS8600: Converting null literal or possible null value to non-nullable type. [<REPOSITORY>\src\ErpSystem.Data\ErpSystem.Data.csproj]
<REPOSITORY>\src\ErpSystem.Data\Migrations\20260802171742_TDC0613InventoryValuationReconciliation.cs(87,133): warning CS8600: Converting null literal or possible null value to non-nullable type. [<REPOSITORY>\src\ErpSystem.Data\ErpSystem.Data.csproj]
<REPOSITORY>\src\ErpSystem.Data\Migrations\20260802171742_TDC0613InventoryValuationReconciliation.cs(87,160): warning CS8600: Converting null literal or possible null value to non-nullable type. [<REPOSITORY>\src\ErpSystem.Data\ErpSystem.Data.csproj]
<REPOSITORY>\src\ErpSystem.Data\Migrations\20260802171742_TDC0613InventoryValuationReconciliation.cs(87,174): warning CS8600: Converting null literal or possible null value to non-nullable type. [<REPOSITORY>\src\ErpSystem.Data\ErpSystem.Data.csproj]
<REPOSITORY>\src\ErpSystem.Data\Migrations\20260802171742_TDC0613InventoryValuationReconciliation.cs(88,85): warning CS8600: Converting null literal or possible null value to non-nullable type. [<REPOSITORY>\src\ErpSystem.Data\ErpSystem.Data.csproj]
<REPOSITORY>\src\ErpSystem.Data\Migrations\20260802171742_TDC0613InventoryValuationReconciliation.cs(88,106): warning CS8600: Converting null literal or possible null value to non-nullable type. [<REPOSITORY>\src\ErpSystem.Data\ErpSystem.Data.csproj]
<REPOSITORY>\src\ErpSystem.Data\Migrations\20260802171742_TDC0613InventoryValuationReconciliation.cs(88,120): warning CS8600: Converting null literal or possible null value to non-nullable type. [<REPOSITORY>\src\ErpSystem.Data\ErpSystem.Data.csproj]
<REPOSITORY>\src\ErpSystem.Data\Migrations\20260802171742_TDC0613InventoryValuationReconciliation.cs(88,134): warning CS8600: Converting null literal or possible null value to non-nullable type. [<REPOSITORY>\src\ErpSystem.Data\ErpSystem.Data.csproj]
<REPOSITORY>\src\ErpSystem.Data\Migrations\20260802171742_TDC0613InventoryValuationReconciliation.cs(88,161): warning CS8600: Converting null literal or possible null value to non-nullable type. [<REPOSITORY>\src\ErpSystem.Data\ErpSystem.Data.csproj]
<REPOSITORY>\src\ErpSystem.Data\Migrations\20260802171742_TDC0613InventoryValuationReconciliation.cs(88,175): warning CS8600: Converting null literal or possible null value to non-nullable type. [<REPOSITORY>\src\ErpSystem.Data\ErpSystem.Data.csproj]
<REPOSITORY>\src\ErpSystem.Data\Migrations\20260802171742_TDC0613InventoryValuationReconciliation.cs(89,85): warning CS8600: Converting null literal or possible null value to non-nullable type. [<REPOSITORY>\src\ErpSystem.Data\ErpSystem.Data.csproj]
<REPOSITORY>\src\ErpSystem.Data\Migrations\20260802171742_TDC0613InventoryValuationReconciliation.cs(89,105): warning CS8600: Converting null literal or possible null value to non-nullable type. [<REPOSITORY>\src\ErpSystem.Data\ErpSystem.Data.csproj]
<REPOSITORY>\src\ErpSystem.Data\Migrations\20260802171742_TDC0613InventoryValuationReconciliation.cs(89,119): warning CS8600: Converting null literal or possible null value to non-nullable type. [<REPOSITORY>\src\ErpSystem.Data\ErpSystem.Data.csproj]
<REPOSITORY>\src\ErpSystem.Data\Migrations\20260802171742_TDC0613InventoryValuationReconciliation.cs(89,133): warning CS8600: Converting null literal or possible null value to non-nullable type. [<REPOSITORY>\src\ErpSystem.Data\ErpSystem.Data.csproj]
<REPOSITORY>\src\ErpSystem.Data\Migrations\20260802171742_TDC0613InventoryValuationReconciliation.cs(89,160): warning CS8600: Converting null literal or possible null value to non-nullable type. [<REPOSITORY>\src\ErpSystem.Data\ErpSystem.Data.csproj]
<REPOSITORY>\src\ErpSystem.Data\Migrations\20260802171742_TDC0613InventoryValuationReconciliation.cs(89,174): warning CS8600: Converting null literal or possible null value to non-nullable type. [<REPOSITORY>\src\ErpSystem.Data\ErpSystem.Data.csproj]
<REPOSITORY>\src\ErpSystem.Data\Migrations\20260802171742_TDC0613InventoryValuationReconciliation.cs(90,87): warning CS8600: Converting null literal or possible null value to non-nullable type. [<REPOSITORY>\src\ErpSystem.Data\ErpSystem.Data.csproj]
<REPOSITORY>\src\ErpSystem.Data\Migrations\20260802171742_TDC0613InventoryValuationReconciliation.cs(90,107): warning CS8600: Converting null literal or possible null value to non-nullable type. [<REPOSITORY>\src\ErpSystem.Data\ErpSystem.Data.csproj]
<REPOSITORY>\src\ErpSystem.Data\Migrations\20260802171742_TDC0613InventoryValuationReconciliation.cs(90,121): warning CS8600: Converting null literal or possible null value to non-nullable type. [<REPOSITORY>\src\ErpSystem.Data\ErpSystem.Data.csproj]
<REPOSITORY>\src\ErpSystem.Data\Migrations\20260802171742_TDC0613InventoryValuationReconciliation.cs(90,135): warning CS8600: Converting null literal or possible null value to non-nullable type. [<REPOSITORY>\src\ErpSystem.Data\ErpSystem.Data.csproj]
<REPOSITORY>\src\ErpSystem.Data\Migrations\20260802171742_TDC0613InventoryValuationReconciliation.cs(90,162): warning CS8600: Converting null literal or possible null value to non-nullable type. [<REPOSITORY>\src\ErpSystem.Data\ErpSystem.Data.csproj]
<REPOSITORY>\src\ErpSystem.Data\Migrations\20260802171742_TDC0613InventoryValuationReconciliation.cs(90,176): warning CS8600: Converting null literal or possible null value to non-nullable type. [<REPOSITORY>\src\ErpSystem.Data\ErpSystem.Data.csproj]
<REPOSITORY>\src\ErpSystem.Data\Migrations\20260802171742_TDC0613InventoryValuationReconciliation.cs(91,87): warning CS8600: Converting null literal or possible null value to non-nullable type. [<REPOSITORY>\src\ErpSystem.Data\ErpSystem.Data.csproj]
<REPOSITORY>\src\ErpSystem.Data\Migrations\20260802171742_TDC0613InventoryValuationReconciliation.cs(91,107): warning CS8600: Converting null literal or possible null value to non-nullable type. [<REPOSITORY>\src\ErpSystem.Data\ErpSystem.Data.csproj]
<REPOSITORY>\src\ErpSystem.Data\Migrations\20260802171742_TDC0613InventoryValuationReconciliation.cs(91,121): warning CS8600: Converting null literal or possible null value to non-nullable type. [<REPOSITORY>\src\ErpSystem.Data\ErpSystem.Data.csproj]
<REPOSITORY>\src\ErpSystem.Data\Migrations\20260802171742_TDC0613InventoryValuationReconciliation.cs(91,135): warning CS8600: Converting null literal or possible null value to non-nullable type. [<REPOSITORY>\src\ErpSystem.Data\ErpSystem.Data.csproj]
<REPOSITORY>\src\ErpSystem.Data\Migrations\20260802171742_TDC0613InventoryValuationReconciliation.cs(91,162): warning CS8600: Converting null literal or possible null value to non-nullable type. [<REPOSITORY>\src\ErpSystem.Data\ErpSystem.Data.csproj]
<REPOSITORY>\src\ErpSystem.Data\Migrations\20260802171742_TDC0613InventoryValuationReconciliation.cs(91,176): warning CS8600: Converting null literal or possible null value to non-nullable type. [<REPOSITORY>\src\ErpSystem.Data\ErpSystem.Data.csproj]
<REPOSITORY>\src\ErpSystem.Data\Migrations\20260802171742_TDC0613InventoryValuationReconciliation.cs(92,90): warning CS8600: Converting null literal or possible null value to non-nullable type. [<REPOSITORY>\src\ErpSystem.Data\ErpSystem.Data.csproj]
<REPOSITORY>\src\ErpSystem.Data\Migrations\20260802171742_TDC0613InventoryValuationReconciliation.cs(92,110): warning CS8600: Converting null literal or possible null value to non-nullable type. [<REPOSITORY>\src\ErpSystem.Data\ErpSystem.Data.csproj]
<REPOSITORY>\src\ErpSystem.Data\Migrations\20260802171742_TDC0613InventoryValuationReconciliation.cs(92,124): warning CS8600: Converting null literal or possible null value to non-nullable type. [<REPOSITORY>\src\ErpSystem.Data\ErpSystem.Data.csproj]
<REPOSITORY>\src\ErpSystem.Data\Migrations\20260802171742_TDC0613InventoryValuationReconciliation.cs(92,138): warning CS8600: Converting null literal or possible null value to non-nullable type. [<REPOSITORY>\src\ErpSystem.Data\ErpSystem.Data.csproj]
<REPOSITORY>\src\ErpSystem.Data\Migrations\20260802171742_TDC0613InventoryValuationReconciliation.cs(92,165): warning CS8600: Converting null literal or possible null value to non-nullable type. [<REPOSITORY>\src\ErpSystem.Data\ErpSystem.Data.csproj]
<REPOSITORY>\src\ErpSystem.Data\Migrations\20260802171742_TDC0613InventoryValuationReconciliation.cs(92,179): warning CS8600: Converting null literal or possible null value to non-nullable type. [<REPOSITORY>\src\ErpSystem.Data\ErpSystem.Data.csproj]
<REPOSITORY>\src\ErpSystem.Data\Migrations\20260802171742_TDC0613InventoryValuationReconciliation.cs(93,95): warning CS8600: Converting null literal or possible null value to non-nullable type. [<REPOSITORY>\src\ErpSystem.Data\ErpSystem.Data.csproj]
<REPOSITORY>\src\ErpSystem.Data\Migrations\20260802171742_TDC0613InventoryValuationReconciliation.cs(93,115): warning CS8600: Converting null literal or possible null value to non-nullable type. [<REPOSITORY>\src\ErpSystem.Data\ErpSystem.Data.csproj]
<REPOSITORY>\src\ErpSystem.Data\Migrations\20260802171742_TDC0613InventoryValuationReconciliation.cs(93,129): warning CS8600: Converting null literal or possible null value to non-nullable type. [<REPOSITORY>\src\ErpSystem.Data\ErpSystem.Data.csproj]
<REPOSITORY>\src\ErpSystem.Data\Migrations\20260802171742_TDC0613InventoryValuationReconciliation.cs(93,143): warning CS8600: Converting null literal or possible null value to non-nullable type. [<REPOSITORY>\src\ErpSystem.Data\ErpSystem.Data.csproj]
<REPOSITORY>\src\ErpSystem.Data\Migrations\20260802171742_TDC0613InventoryValuationReconciliation.cs(93,170): warning CS8600: Converting null literal or possible null value to non-nullable type. [<REPOSITORY>\src\ErpSystem.Data\ErpSystem.Data.csproj]
<REPOSITORY>\src\ErpSystem.Data\Migrations\20260802171742_TDC0613InventoryValuationReconciliation.cs(93,184): warning CS8600: Converting null literal or possible null value to non-nullable type. [<REPOSITORY>\src\ErpSystem.Data\ErpSystem.Data.csproj]
<REPOSITORY>\src\ErpSystem.Data\Migrations\20260802171742_TDC0613InventoryValuationReconciliation.cs(94,75): warning CS8600: Converting null literal or possible null value to non-nullable type. [<REPOSITORY>\src\ErpSystem.Data\ErpSystem.Data.csproj]
<REPOSITORY>\src\ErpSystem.Data\Migrations\20260802171742_TDC0613InventoryValuationReconciliation.cs(94,96): warning CS8600: Converting null literal or possible null value to non-nullable type. [<REPOSITORY>\src\ErpSystem.Data\ErpSystem.Data.csproj]
<REPOSITORY>\src\ErpSystem.Data\Migrations\20260802171742_TDC0613InventoryValuationReconciliation.cs(94,110): warning CS8600: Converting null literal or possible null value to non-nullable type. [<REPOSITORY>\src\ErpSystem.Data\ErpSystem.Data.csproj]
<REPOSITORY>\src\ErpSystem.Data\Migrations\20260802171742_TDC0613InventoryValuationReconciliation.cs(94,124): warning CS8600: Converting null literal or possible null value to non-nullable type. [<REPOSITORY>\src\ErpSystem.Data\ErpSystem.Data.csproj]
<REPOSITORY>\src\ErpSystem.Data\Migrations\20260802171742_TDC0613InventoryValuationReconciliation.cs(94,151): warning CS8600: Converting null literal or possible null value to non-nullable type. [<REPOSITORY>\src\ErpSystem.Data\ErpSystem.Data.csproj]
<REPOSITORY>\src\ErpSystem.Data\Migrations\20260802171742_TDC0613InventoryValuationReconciliation.cs(94,165): warning CS8600: Converting null literal or possible null value to non-nullable type. [<REPOSITORY>\src\ErpSystem.Data\ErpSystem.Data.csproj]
<REPOSITORY>\src\ErpSystem.Data\Migrations\20260802171742_TDC0613InventoryValuationReconciliation.cs(95,85): warning CS8600: Converting null literal or possible null value to non-nullable type. [<REPOSITORY>\src\ErpSystem.Data\ErpSystem.Data.csproj]
<REPOSITORY>\src\ErpSystem.Data\Migrations\20260802171742_TDC0613InventoryValuationReconciliation.cs(95,105): warning CS8600: Converting null literal or possible null value to non-nullable type. [<REPOSITORY>\src\ErpSystem.Data\ErpSystem.Data.csproj]
<REPOSITORY>\src\ErpSystem.Data\Migrations\20260802171742_TDC0613InventoryValuationReconciliation.cs(95,119): warning CS8600: Converting null literal or possible null value to non-nullable type. [<REPOSITORY>\src\ErpSystem.Data\ErpSystem.Data.csproj]
<REPOSITORY>\src\ErpSystem.Data\Migrations\20260802171742_TDC0613InventoryValuationReconciliation.cs(95,133): warning CS8600: Converting null literal or possible null value to non-nullable type. [<REPOSITORY>\src\ErpSystem.Data\ErpSystem.Data.csproj]
<REPOSITORY>\src\ErpSystem.Data\Migrations\20260802171742_TDC0613InventoryValuationReconciliation.cs(95,160): warning CS8600: Converting null literal or possible null value to non-nullable type. [<REPOSITORY>\src\ErpSystem.Data\ErpSystem.Data.csproj]
<REPOSITORY>\src\ErpSystem.Data\Migrations\20260802171742_TDC0613InventoryValuationReconciliation.cs(95,174): warning CS8600: Converting null literal or possible null value to non-nullable type. [<REPOSITORY>\src\ErpSystem.Data\ErpSystem.Data.csproj]
<REPOSITORY>\src\ErpSystem.Data\Migrations\20260802171742_TDC0613InventoryValuationReconciliation.cs(96,87): warning CS8600: Converting null literal or possible null value to non-nullable type. [<REPOSITORY>\src\ErpSystem.Data\ErpSystem.Data.csproj]
<REPOSITORY>\src\ErpSystem.Data\Migrations\20260802171742_TDC0613InventoryValuationReconciliation.cs(96,107): warning CS8600: Converting null literal or possible null value to non-nullable type. [<REPOSITORY>\src\ErpSystem.Data\ErpSystem.Data.csproj]
<REPOSITORY>\src\ErpSystem.Data\Migrations\20260802171742_TDC0613InventoryValuationReconciliation.cs(96,121): warning CS8600: Converting null literal or possible null value to non-nullable type. [<REPOSITORY>\src\ErpSystem.Data\ErpSystem.Data.csproj]
<REPOSITORY>\src\ErpSystem.Data\Migrations\20260802171742_TDC0613InventoryValuationReconciliation.cs(96,135): warning CS8600: Converting null literal or possible null value to non-nullable type. [<REPOSITORY>\src\ErpSystem.Data\ErpSystem.Data.csproj]
<REPOSITORY>\src\ErpSystem.Data\Migrations\20260802171742_TDC0613InventoryValuationReconciliation.cs(96,162): warning CS8600: Converting null literal or possible null value to non-nullable type. [<REPOSITORY>\src\ErpSystem.Data\ErpSystem.Data.csproj]
<REPOSITORY>\src\ErpSystem.Data\Migrations\20260802171742_TDC0613InventoryValuationReconciliation.cs(96,176): warning CS8600: Converting null literal or possible null value to non-nullable type. [<REPOSITORY>\src\ErpSystem.Data\ErpSystem.Data.csproj]
<REPOSITORY>\src\ErpSystem.Data\Migrations\20260802171742_TDC0613InventoryValuationReconciliation.cs(97,87): warning CS8600: Converting null literal or possible null value to non-nullable type. [<REPOSITORY>\src\ErpSystem.Data\ErpSystem.Data.csproj]
<REPOSITORY>\src\ErpSystem.Data\Migrations\20260802171742_TDC0613InventoryValuationReconciliation.cs(97,108): warning CS8600: Converting null literal or possible null value to non-nullable type. [<REPOSITORY>\src\ErpSystem.Data\ErpSystem.Data.csproj]
<REPOSITORY>\src\ErpSystem.Data\Migrations\20260802171742_TDC0613InventoryValuationReconciliation.cs(97,122): warning CS8600: Converting null literal or possible null value to non-nullable type. [<REPOSITORY>\src\ErpSystem.Data\ErpSystem.Data.csproj]
<REPOSITORY>\src\ErpSystem.Data\Migrations\20260802171742_TDC0613InventoryValuationReconciliation.cs(97,136): warning CS8600: Converting null literal or possible null value to non-nullable type. [<REPOSITORY>\src\ErpSystem.Data\ErpSystem.Data.csproj]
<REPOSITORY>\src\ErpSystem.Data\Migrations\20260802171742_TDC0613InventoryValuationReconciliation.cs(97,163): warning CS8600: Converting null literal or possible null value to non-nullable type. [<REPOSITORY>\src\ErpSystem.Data\ErpSystem.Data.csproj]
<REPOSITORY>\src\ErpSystem.Data\Migrations\20260802171742_TDC0613InventoryValuationReconciliation.cs(97,177): warning CS8600: Converting null literal or possible null value to non-nullable type. [<REPOSITORY>\src\ErpSystem.Data\ErpSystem.Data.csproj]
<REPOSITORY>\src\ErpSystem.Data\Migrations\20260802171742_TDC0613InventoryValuationReconciliation.cs(108,156): warning CS8600: Converting null literal or possible null value to non-nullable type. [<REPOSITORY>\src\ErpSystem.Data\ErpSystem.Data.csproj]
<REPOSITORY>\src\ErpSystem.Data\Migrations\20260802171742_TDC0613InventoryValuationReconciliation.cs(109,144): warning CS8600: Converting null literal or possible null value to non-nullable type. [<REPOSITORY>\src\ErpSystem.Data\ErpSystem.Data.csproj]
<REPOSITORY>\src\ErpSystem.Data\Migrations\20260802171742_TDC0613InventoryValuationReconciliation.cs(110,158): warning CS8600: Converting null literal or possible null value to non-nullable type. [<REPOSITORY>\src\ErpSystem.Data\ErpSystem.Data.csproj]
<REPOSITORY>\src\ErpSystem.Data\Migrations\20260802171742_TDC0613InventoryValuationReconciliation.cs(111,120): warning CS8600: Converting null literal or possible null value to non-nullable type. [<REPOSITORY>\src\ErpSystem.Data\ErpSystem.Data.csproj]
<REPOSITORY>\src\ErpSystem.Data\Migrations\20260802171742_TDC0613InventoryValuationReconciliation.cs(161,6): warning CS8600: Converting null literal or possible null value to non-nullable type. [<REPOSITORY>\src\ErpSystem.Data\ErpSystem.Data.csproj]
<REPOSITORY>\src\ErpSystem.Data\Migrations\20260802171742_TDC0613InventoryValuationReconciliation.cs(168,6): warning CS8600: Converting null literal or possible null value to non-nullable type. [<REPOSITORY>\src\ErpSystem.Data\ErpSystem.Data.csproj]
<REPOSITORY>\src\ErpSystem.Data\Migrations\20260802171742_TDC0613InventoryValuationReconciliation.cs(115,117): warning CS8600: Converting null literal or possible null value to non-nullable type. [<REPOSITORY>\src\ErpSystem.Data\ErpSystem.Data.csproj]
<REPOSITORY>\src\ErpSystem.Data\Migrations\20260802171742_TDC0613InventoryValuationReconciliation.cs(115,138): warning CS8600: Converting null literal or possible null value to non-nullable type. [<REPOSITORY>\src\ErpSystem.Data\ErpSystem.Data.csproj]
<REPOSITORY>\src\ErpSystem.Data\Migrations\20260802171742_TDC0613InventoryValuationReconciliation.cs(115,152): warning CS8600: Converting null literal or possible null value to non-nullable type. [<REPOSITORY>\src\ErpSystem.Data\ErpSystem.Data.csproj]
<REPOSITORY>\src\ErpSystem.Data\Migrations\20260802171742_TDC0613InventoryValuationReconciliation.cs(115,166): warning CS8600: Converting null literal or possible null value to non-nullable type. [<REPOSITORY>\src\ErpSystem.Data\ErpSystem.Data.csproj]
<REPOSITORY>\src\ErpSystem.Data\Migrations\20260802171742_TDC0613InventoryValuationReconciliation.cs(115,193): warning CS8600: Converting null literal or possible null value to non-nullable type. [<REPOSITORY>\src\ErpSystem.Data\ErpSystem.Data.csproj]
<REPOSITORY>\src\ErpSystem.Data\Migrations\20260802171742_TDC0613InventoryValuationReconciliation.cs(115,207): warning CS8600: Converting null literal or possible null value to non-nullable type. [<REPOSITORY>\src\ErpSystem.Data\ErpSystem.Data.csproj]
<REPOSITORY>\src\ErpSystem.Data\Migrations\20260802171742_TDC0613InventoryValuationReconciliation.cs(116,131): warning CS8600: Converting null literal or possible null value to non-nullable type. [<REPOSITORY>\src\ErpSystem.Data\ErpSystem.Data.csproj]
<REPOSITORY>\src\ErpSystem.Data\Migrations\20260802171742_TDC0613InventoryValuationReconciliation.cs(116,152): warning CS8600: Converting null literal or possible null value to non-nullable type. [<REPOSITORY>\src\ErpSystem.Data\ErpSystem.Data.csproj]
<REPOSITORY>\src\ErpSystem.Data\Migrations\20260802171742_TDC0613InventoryValuationReconciliation.cs(116,166): warning CS8600: Converting null literal or possible null value to non-nullable type. [<REPOSITORY>\src\ErpSystem.Data\ErpSystem.Data.csproj]
<REPOSITORY>\src\ErpSystem.Data\Migrations\20260802171742_TDC0613InventoryValuationReconciliation.cs(116,180): warning CS8600: Converting null literal or possible null value to non-nullable type. [<REPOSITORY>\src\ErpSystem.Data\ErpSystem.Data.csproj]
<REPOSITORY>\src\ErpSystem.Data\Migrations\20260802171742_TDC0613InventoryValuationReconciliation.cs(116,207): warning CS8600: Converting null literal or possible null value to non-nullable type. [<REPOSITORY>\src\ErpSystem.Data\ErpSystem.Data.csproj]
<REPOSITORY>\src\ErpSystem.Data\Migrations\20260802171742_TDC0613InventoryValuationReconciliation.cs(116,221): warning CS8600: Converting null literal or possible null value to non-nullable type. [<REPOSITORY>\src\ErpSystem.Data\ErpSystem.Data.csproj]
<REPOSITORY>\src\ErpSystem.Data\Migrations\20260802171742_TDC0613InventoryValuationReconciliation.cs(117,109): warning CS8600: Converting null literal or possible null value to non-nullable type. [<REPOSITORY>\src\ErpSystem.Data\ErpSystem.Data.csproj]
<REPOSITORY>\src\ErpSystem.Data\Migrations\20260802171742_TDC0613InventoryValuationReconciliation.cs(117,130): warning CS8600: Converting null literal or possible null value to non-nullable type. [<REPOSITORY>\src\ErpSystem.Data\ErpSystem.Data.csproj]
<REPOSITORY>\src\ErpSystem.Data\Migrations\20260802171742_TDC0613InventoryValuationReconciliation.cs(117,144): warning CS8600: Converting null literal or possible null value to non-nullable type. [<REPOSITORY>\src\ErpSystem.Data\ErpSystem.Data.csproj]
<REPOSITORY>\src\ErpSystem.Data\Migrations\20260802171742_TDC0613InventoryValuationReconciliation.cs(117,158): warning CS8600: Converting null literal or possible null value to non-nullable type. [<REPOSITORY>\src\ErpSystem.Data\ErpSystem.Data.csproj]
<REPOSITORY>\src\ErpSystem.Data\Migrations\20260802171742_TDC0613InventoryValuationReconciliation.cs(117,185): warning CS8600: Converting null literal or possible null value to non-nullable type. [<REPOSITORY>\src\ErpSystem.Data\ErpSystem.Data.csproj]
<REPOSITORY>\src\ErpSystem.Data\Migrations\20260802171742_TDC0613InventoryValuationReconciliation.cs(117,199): warning CS8600: Converting null literal or possible null value to non-nullable type. [<REPOSITORY>\src\ErpSystem.Data\ErpSystem.Data.csproj]
<REPOSITORY>\src\ErpSystem.Data\Migrations\20260802171742_TDC0613InventoryValuationReconciliation.cs(118,111): warning CS8600: Converting null literal or possible null value to non-nullable type. [<REPOSITORY>\src\ErpSystem.Data\ErpSystem.Data.csproj]
<REPOSITORY>\src\ErpSystem.Data\Migrations\20260802171742_TDC0613InventoryValuationReconciliation.cs(118,132): warning CS8600: Converting null literal or possible null value to non-nullable type. [<REPOSITORY>\src\ErpSystem.Data\ErpSystem.Data.csproj]
<REPOSITORY>\src\ErpSystem.Data\Migrations\20260802171742_TDC0613InventoryValuationReconciliation.cs(118,146): warning CS8600: Converting null literal or possible null value to non-nullable type. [<REPOSITORY>\src\ErpSystem.Data\ErpSystem.Data.csproj]
<REPOSITORY>\src\ErpSystem.Data\Migrations\20260802171742_TDC0613InventoryValuationReconciliation.cs(118,160): warning CS8600: Converting null literal or possible null value to non-nullable type. [<REPOSITORY>\src\ErpSystem.Data\ErpSystem.Data.csproj]
<REPOSITORY>\src\ErpSystem.Data\Migrations\20260802171742_TDC0613InventoryValuationReconciliation.cs(118,187): warning CS8600: Converting null literal or possible null value to non-nullable type. [<REPOSITORY>\src\ErpSystem.Data\ErpSystem.Data.csproj]
<REPOSITORY>\src\ErpSystem.Data\Migrations\20260802171742_TDC0613InventoryValuationReconciliation.cs(118,201): warning CS8600: Converting null literal or possible null value to non-nullable type. [<REPOSITORY>\src\ErpSystem.Data\ErpSystem.Data.csproj]
<REPOSITORY>\src\ErpSystem.Data\Migrations\20260802171742_TDC0613InventoryValuationReconciliation.cs(119,115): warning CS8600: Converting null literal or possible null value to non-nullable type. [<REPOSITORY>\src\ErpSystem.Data\ErpSystem.Data.csproj]
<REPOSITORY>\src\ErpSystem.Data\Migrations\20260802171742_TDC0613InventoryValuationReconciliation.cs(119,135): warning CS8600: Converting null literal or possible null value to non-nullable type. [<REPOSITORY>\src\ErpSystem.Data\ErpSystem.Data.csproj]
<REPOSITORY>\src\ErpSystem.Data\Migrations\20260802171742_TDC0613InventoryValuationReconciliation.cs(119,149): warning CS8600: Converting null literal or possible null value to non-nullable type. [<REPOSITORY>\src\ErpSystem.Data\ErpSystem.Data.csproj]
<REPOSITORY>\src\ErpSystem.Data\Migrations\20260802171742_TDC0613InventoryValuationReconciliation.cs(119,163): warning CS8600: Converting null literal or possible null value to non-nullable type. [<REPOSITORY>\src\ErpSystem.Data\ErpSystem.Data.csproj]
<REPOSITORY>\src\ErpSystem.Data\Migrations\20260802171742_TDC0613InventoryValuationReconciliation.cs(119,190): warning CS8600: Converting null literal or possible null value to non-nullable type. [<REPOSITORY>\src\ErpSystem.Data\ErpSystem.Data.csproj]
<REPOSITORY>\src\ErpSystem.Data\Migrations\20260802171742_TDC0613InventoryValuationReconciliation.cs(119,204): warning CS8600: Converting null literal or possible null value to non-nullable type. [<REPOSITORY>\src\ErpSystem.Data\ErpSystem.Data.csproj]
<REPOSITORY>\src\ErpSystem.Data\Migrations\20260802171742_TDC0613InventoryValuationReconciliation.cs(120,110): warning CS8600: Converting null literal or possible null value to non-nullable type. [<REPOSITORY>\src\ErpSystem.Data\ErpSystem.Data.csproj]
<REPOSITORY>\src\ErpSystem.Data\Migrations\20260802171742_TDC0613InventoryValuationReconciliation.cs(120,131): warning CS8600: Converting null literal or possible null value to non-nullable type. [<REPOSITORY>\src\ErpSystem.Data\ErpSystem.Data.csproj]
<REPOSITORY>\src\ErpSystem.Data\Migrations\20260802171742_TDC0613InventoryValuationReconciliation.cs(120,145): warning CS8600: Converting null literal or possible null value to non-nullable type. [<REPOSITORY>\src\ErpSystem.Data\ErpSystem.Data.csproj]
<REPOSITORY>\src\ErpSystem.Data\Migrations\20260802171742_TDC0613InventoryValuationReconciliation.cs(120,159): warning CS8600: Converting null literal or possible null value to non-nullable type. [<REPOSITORY>\src\ErpSystem.Data\ErpSystem.Data.csproj]
<REPOSITORY>\src\ErpSystem.Data\Migrations\20260802171742_TDC0613InventoryValuationReconciliation.cs(120,186): warning CS8600: Converting null literal or possible null value to non-nullable type. [<REPOSITORY>\src\ErpSystem.Data\ErpSystem.Data.csproj]
<REPOSITORY>\src\ErpSystem.Data\Migrations\20260802171742_TDC0613InventoryValuationReconciliation.cs(120,200): warning CS8600: Converting null literal or possible null value to non-nullable type. [<REPOSITORY>\src\ErpSystem.Data\ErpSystem.Data.csproj]
<REPOSITORY>\src\ErpSystem.Data\Migrations\20260802171742_TDC0613InventoryValuationReconciliation.cs(121,126): warning CS8600: Converting null literal or possible null value to non-nullable type. [<REPOSITORY>\src\ErpSystem.Data\ErpSystem.Data.csproj]
<REPOSITORY>\src\ErpSystem.Data\Migrations\20260802171742_TDC0613InventoryValuationReconciliation.cs(121,147): warning CS8600: Converting null literal or possible null value to non-nullable type. [<REPOSITORY>\src\ErpSystem.Data\ErpSystem.Data.csproj]
<REPOSITORY>\src\ErpSystem.Data\Migrations\20260802171742_TDC0613InventoryValuationReconciliation.cs(121,161): warning CS8600: Converting null literal or possible null value to non-nullable type. [<REPOSITORY>\src\ErpSystem.Data\ErpSystem.Data.csproj]
<REPOSITORY>\src\ErpSystem.Data\Migrations\20260802171742_TDC0613InventoryValuationReconciliation.cs(121,175): warning CS8600: Converting null literal or possible null value to non-nullable type. [<REPOSITORY>\src\ErpSystem.Data\ErpSystem.Data.csproj]
<REPOSITORY>\src\ErpSystem.Data\Migrations\20260802171742_TDC0613InventoryValuationReconciliation.cs(121,202): warning CS8600: Converting null literal or possible null value to non-nullable type. [<REPOSITORY>\src\ErpSystem.Data\ErpSystem.Data.csproj]
<REPOSITORY>\src\ErpSystem.Data\Migrations\20260802171742_TDC0613InventoryValuationReconciliation.cs(121,216): warning CS8600: Converting null literal or possible null value to non-nullable type. [<REPOSITORY>\src\ErpSystem.Data\ErpSystem.Data.csproj]
<REPOSITORY>\src\ErpSystem.Data\Migrations\20260802171742_TDC0613InventoryValuationReconciliation.cs(122,125): warning CS8600: Converting null literal or possible null value to non-nullable type. [<REPOSITORY>\src\ErpSystem.Data\ErpSystem.Data.csproj]
<REPOSITORY>\src\ErpSystem.Data\Migrations\20260802171742_TDC0613InventoryValuationReconciliation.cs(122,146): warning CS8600: Converting null literal or possible null value to non-nullable type. [<REPOSITORY>\src\ErpSystem.Data\ErpSystem.Data.csproj]
<REPOSITORY>\src\ErpSystem.Data\Migrations\20260802171742_TDC0613InventoryValuationReconciliation.cs(122,160): warning CS8600: Converting null literal or possible null value to non-nullable type. [<REPOSITORY>\src\ErpSystem.Data\ErpSystem.Data.csproj]
<REPOSITORY>\src\ErpSystem.Data\Migrations\20260802171742_TDC0613InventoryValuationReconciliation.cs(122,174): warning CS8600: Converting null literal or possible null value to non-nullable type. [<REPOSITORY>\src\ErpSystem.Data\ErpSystem.Data.csproj]
<REPOSITORY>\src\ErpSystem.Data\Migrations\20260802171742_TDC0613InventoryValuationReconciliation.cs(122,201): warning CS8600: Converting null literal or possible null value to non-nullable type. [<REPOSITORY>\src\ErpSystem.Data\ErpSystem.Data.csproj]
<REPOSITORY>\src\ErpSystem.Data\Migrations\20260802171742_TDC0613InventoryValuationReconciliation.cs(122,215): warning CS8600: Converting null literal or possible null value to non-nullable type. [<REPOSITORY>\src\ErpSystem.Data\ErpSystem.Data.csproj]
<REPOSITORY>\src\ErpSystem.Data\Migrations\20260802171742_TDC0613InventoryValuationReconciliation.cs(124,121): warning CS8600: Converting null literal or possible null value to non-nullable type. [<REPOSITORY>\src\ErpSystem.Data\ErpSystem.Data.csproj]
<REPOSITORY>\src\ErpSystem.Data\Migrations\20260802171742_TDC0613InventoryValuationReconciliation.cs(124,142): warning CS8600: Converting null literal or possible null value to non-nullable type. [<REPOSITORY>\src\ErpSystem.Data\ErpSystem.Data.csproj]
<REPOSITORY>\src\ErpSystem.Data\Migrations\20260802171742_TDC0613InventoryValuationReconciliation.cs(124,156): warning CS8600: Converting null literal or possible null value to non-nullable type. [<REPOSITORY>\src\ErpSystem.Data\ErpSystem.Data.csproj]
<REPOSITORY>\src\ErpSystem.Data\Migrations\20260802171742_TDC0613InventoryValuationReconciliation.cs(124,170): warning CS8600: Converting null literal or possible null value to non-nullable type. [<REPOSITORY>\src\ErpSystem.Data\ErpSystem.Data.csproj]
<REPOSITORY>\src\ErpSystem.Data\Migrations\20260802171742_TDC0613InventoryValuationReconciliation.cs(124,197): warning CS8600: Converting null literal or possible null value to non-nullable type. [<REPOSITORY>\src\ErpSystem.Data\ErpSystem.Data.csproj]
<REPOSITORY>\src\ErpSystem.Data\Migrations\20260802171742_TDC0613InventoryValuationReconciliation.cs(124,211): warning CS8600: Converting null literal or possible null value to non-nullable type. [<REPOSITORY>\src\ErpSystem.Data\ErpSystem.Data.csproj]
<REPOSITORY>\src\ErpSystem.Data\Migrations\20260802171742_TDC0613InventoryValuationReconciliation.cs(126,117): warning CS8600: Converting null literal or possible null value to non-nullable type. [<REPOSITORY>\src\ErpSystem.Data\ErpSystem.Data.csproj]
<REPOSITORY>\src\ErpSystem.Data\Migrations\20260802171742_TDC0613InventoryValuationReconciliation.cs(126,138): warning CS8600: Converting null literal or possible null value to non-nullable type. [<REPOSITORY>\src\ErpSystem.Data\ErpSystem.Data.csproj]
<REPOSITORY>\src\ErpSystem.Data\Migrations\20260802171742_TDC0613InventoryValuationReconciliation.cs(126,152): warning CS8600: Converting null literal or possible null value to non-nullable type. [<REPOSITORY>\src\ErpSystem.Data\ErpSystem.Data.csproj]
<REPOSITORY>\src\ErpSystem.Data\Migrations\20260802171742_TDC0613InventoryValuationReconciliation.cs(126,166): warning CS8600: Converting null literal or possible null value to non-nullable type. [<REPOSITORY>\src\ErpSystem.Data\ErpSystem.Data.csproj]
<REPOSITORY>\src\ErpSystem.Data\Migrations\20260802171742_TDC0613InventoryValuationReconciliation.cs(126,193): warning CS8600: Converting null literal or possible null value to non-nullable type. [<REPOSITORY>\src\ErpSystem.Data\ErpSystem.Data.csproj]
<REPOSITORY>\src\ErpSystem.Data\Migrations\20260802171742_TDC0613InventoryValuationReconciliation.cs(126,207): warning CS8600: Converting null literal or possible null value to non-nullable type. [<REPOSITORY>\src\ErpSystem.Data\ErpSystem.Data.csproj]
<REPOSITORY>\src\ErpSystem.Data\Migrations\20260802171742_TDC0613InventoryValuationReconciliation.cs(128,120): warning CS8600: Converting null literal or possible null value to non-nullable type. [<REPOSITORY>\src\ErpSystem.Data\ErpSystem.Data.csproj]
<REPOSITORY>\src\ErpSystem.Data\Migrations\20260802171742_TDC0613InventoryValuationReconciliation.cs(128,141): warning CS8600: Converting null literal or possible null value to non-nullable type. [<REPOSITORY>\src\ErpSystem.Data\ErpSystem.Data.csproj]
<REPOSITORY>\src\ErpSystem.Data\Migrations\20260802171742_TDC0613InventoryValuationReconciliation.cs(128,155): warning CS8600: Converting null literal or possible null value to non-nullable type. [<REPOSITORY>\src\ErpSystem.Data\ErpSystem.Data.csproj]
<REPOSITORY>\src\ErpSystem.Data\Migrations\20260802171742_TDC0613InventoryValuationReconciliation.cs(128,169): warning CS8600: Converting null literal or possible null value to non-nullable type. [<REPOSITORY>\src\ErpSystem.Data\ErpSystem.Data.csproj]
<REPOSITORY>\src\ErpSystem.Data\Migrations\20260802171742_TDC0613InventoryValuationReconciliation.cs(128,196): warning CS8600: Converting null literal or possible null value to non-nullable type. [<REPOSITORY>\src\ErpSystem.Data\ErpSystem.Data.csproj]
<REPOSITORY>\src\ErpSystem.Data\Migrations\20260802171742_TDC0613InventoryValuationReconciliation.cs(128,210): warning CS8600: Converting null literal or possible null value to non-nullable type. [<REPOSITORY>\src\ErpSystem.Data\ErpSystem.Data.csproj]
<REPOSITORY>\src\ErpSystem.Data\Migrations\20260802171742_TDC0613InventoryValuationReconciliation.cs(130,114): warning CS8600: Converting null literal or possible null value to non-nullable type. [<REPOSITORY>\src\ErpSystem.Data\ErpSystem.Data.csproj]
<REPOSITORY>\src\ErpSystem.Data\Migrations\20260802171742_TDC0613InventoryValuationReconciliation.cs(130,134): warning CS8600: Converting null literal or possible null value to non-nullable type. [<REPOSITORY>\src\ErpSystem.Data\ErpSystem.Data.csproj]
<REPOSITORY>\src\ErpSystem.Data\Migrations\20260802171742_TDC0613InventoryValuationReconciliation.cs(130,148): warning CS8600: Converting null literal or possible null value to non-nullable type. [<REPOSITORY>\src\ErpSystem.Data\ErpSystem.Data.csproj]
<REPOSITORY>\src\ErpSystem.Data\Migrations\20260802171742_TDC0613InventoryValuationReconciliation.cs(130,162): warning CS8600: Converting null literal or possible null value to non-nullable type. [<REPOSITORY>\src\ErpSystem.Data\ErpSystem.Data.csproj]
<REPOSITORY>\src\ErpSystem.Data\Migrations\20260802171742_TDC0613InventoryValuationReconciliation.cs(130,189): warning CS8600: Converting null literal or possible null value to non-nullable type. [<REPOSITORY>\src\ErpSystem.Data\ErpSystem.Data.csproj]
<REPOSITORY>\src\ErpSystem.Data\Migrations\20260802171742_TDC0613InventoryValuationReconciliation.cs(130,203): warning CS8600: Converting null literal or possible null value to non-nullable type. [<REPOSITORY>\src\ErpSystem.Data\ErpSystem.Data.csproj]
<REPOSITORY>\src\ErpSystem.Data\Migrations\20260802171742_TDC0613InventoryValuationReconciliation.cs(132,118): warning CS8600: Converting null literal or possible null value to non-nullable type. [<REPOSITORY>\src\ErpSystem.Data\ErpSystem.Data.csproj]
<REPOSITORY>\src\ErpSystem.Data\Migrations\20260802171742_TDC0613InventoryValuationReconciliation.cs(132,138): warning CS8600: Converting null literal or possible null value to non-nullable type. [<REPOSITORY>\src\ErpSystem.Data\ErpSystem.Data.csproj]
<REPOSITORY>\src\ErpSystem.Data\Migrations\20260802171742_TDC0613InventoryValuationReconciliation.cs(132,152): warning CS8600: Converting null literal or possible null value to non-nullable type. [<REPOSITORY>\src\ErpSystem.Data\ErpSystem.Data.csproj]
<REPOSITORY>\src\ErpSystem.Data\Migrations\20260802171742_TDC0613InventoryValuationReconciliation.cs(132,166): warning CS8600: Converting null literal or possible null value to non-nullable type. [<REPOSITORY>\src\ErpSystem.Data\ErpSystem.Data.csproj]
<REPOSITORY>\src\ErpSystem.Data\Migrations\20260802171742_TDC0613InventoryValuationReconciliation.cs(132,193): warning CS8600: Converting null literal or possible null value to non-nullable type. [<REPOSITORY>\src\ErpSystem.Data\ErpSystem.Data.csproj]
<REPOSITORY>\src\ErpSystem.Data\Migrations\20260802171742_TDC0613InventoryValuationReconciliation.cs(132,207): warning CS8600: Converting null literal or possible null value to non-nullable type. [<REPOSITORY>\src\ErpSystem.Data\ErpSystem.Data.csproj]
<REPOSITORY>\src\ErpSystem.Data\Migrations\20260802171742_TDC0613InventoryValuationReconciliation.cs(149,83): warning CS8600: Converting null literal or possible null value to non-nullable type. [<REPOSITORY>\src\ErpSystem.Data\ErpSystem.Data.csproj]
<REPOSITORY>\src\ErpSystem.Data\Migrations\20260802171742_TDC0613InventoryValuationReconciliation.cs(149,104): warning CS8600: Converting null literal or possible null value to non-nullable type. [<REPOSITORY>\src\ErpSystem.Data\ErpSystem.Data.csproj]
<REPOSITORY>\src\ErpSystem.Data\Migrations\20260802171742_TDC0613InventoryValuationReconciliation.cs(149,118): warning CS8600: Converting null literal or possible null value to non-nullable type. [<REPOSITORY>\src\ErpSystem.Data\ErpSystem.Data.csproj]
<REPOSITORY>\src\ErpSystem.Data\Migrations\20260802171742_TDC0613InventoryValuationReconciliation.cs(149,132): warning CS8600: Converting null literal or possible null value to non-nullable type. [<REPOSITORY>\src\ErpSystem.Data\ErpSystem.Data.csproj]
<REPOSITORY>\src\ErpSystem.Data\Migrations\20260802171742_TDC0613InventoryValuationReconciliation.cs(149,159): warning CS8600: Converting null literal or possible null value to non-nullable type. [<REPOSITORY>\src\ErpSystem.Data\ErpSystem.Data.csproj]
<REPOSITORY>\src\ErpSystem.Data\Migrations\20260802171742_TDC0613InventoryValuationReconciliation.cs(149,173): warning CS8600: Converting null literal or possible null value to non-nullable type. [<REPOSITORY>\src\ErpSystem.Data\ErpSystem.Data.csproj]
<REPOSITORY>\src\ErpSystem.Data\Migrations\20260802171742_TDC0613InventoryValuationReconciliation.cs(150,85): warning CS8600: Converting null literal or possible null value to non-nullable type. [<REPOSITORY>\src\ErpSystem.Data\ErpSystem.Data.csproj]
<REPOSITORY>\src\ErpSystem.Data\Migrations\20260802171742_TDC0613InventoryValuationReconciliation.cs(150,106): warning CS8600: Converting null literal or possible null value to non-nullable type. [<REPOSITORY>\src\ErpSystem.Data\ErpSystem.Data.csproj]
<REPOSITORY>\src\ErpSystem.Data\Migrations\20260802171742_TDC0613InventoryValuationReconciliation.cs(150,120): warning CS8600: Converting null literal or possible null value to non-nullable type. [<REPOSITORY>\src\ErpSystem.Data\ErpSystem.Data.csproj]
<REPOSITORY>\src\ErpSystem.Data\Migrations\20260802171742_TDC0613InventoryValuationReconciliation.cs(150,134): warning CS8600: Converting null literal or possible null value to non-nullable type. [<REPOSITORY>\src\ErpSystem.Data\ErpSystem.Data.csproj]
<REPOSITORY>\src\ErpSystem.Data\Migrations\20260802171742_TDC0613InventoryValuationReconciliation.cs(150,161): warning CS8600: Converting null literal or possible null value to non-nullable type. [<REPOSITORY>\src\ErpSystem.Data\ErpSystem.Data.csproj]
<REPOSITORY>\src\ErpSystem.Data\Migrations\20260802171742_TDC0613InventoryValuationReconciliation.cs(150,175): warning CS8600: Converting null literal or possible null value to non-nullable type. [<REPOSITORY>\src\ErpSystem.Data\ErpSystem.Data.csproj]
<REPOSITORY>\src\ErpSystem.Data\Migrations\20260802171742_TDC0613InventoryValuationReconciliation.cs(151,85): warning CS8600: Converting null literal or possible null value to non-nullable type. [<REPOSITORY>\src\ErpSystem.Data\ErpSystem.Data.csproj]
<REPOSITORY>\src\ErpSystem.Data\Migrations\20260802171742_TDC0613InventoryValuationReconciliation.cs(151,105): warning CS8600: Converting null literal or possible null value to non-nullable type. [<REPOSITORY>\src\ErpSystem.Data\ErpSystem.Data.csproj]
<REPOSITORY>\src\ErpSystem.Data\Migrations\20260802171742_TDC0613InventoryValuationReconciliation.cs(151,119): warning CS8600: Converting null literal or possible null value to non-nullable type. [<REPOSITORY>\src\ErpSystem.Data\ErpSystem.Data.csproj]
<REPOSITORY>\src\ErpSystem.Data\Migrations\20260802171742_TDC0613InventoryValuationReconciliation.cs(151,133): warning CS8600: Converting null literal or possible null value to non-nullable type. [<REPOSITORY>\src\ErpSystem.Data\ErpSystem.Data.csproj]
<REPOSITORY>\src\ErpSystem.Data\Migrations\20260802171742_TDC0613InventoryValuationReconciliation.cs(151,160): warning CS8600: Converting null literal or possible null value to non-nullable type. [<REPOSITORY>\src\ErpSystem.Data\ErpSystem.Data.csproj]
<REPOSITORY>\src\ErpSystem.Data\Migrations\20260802171742_TDC0613InventoryValuationReconciliation.cs(151,174): warning CS8600: Converting null literal or possible null value to non-nullable type. [<REPOSITORY>\src\ErpSystem.Data\ErpSystem.Data.csproj]
<REPOSITORY>\src\ErpSystem.Data\Migrations\20260802171742_TDC0613InventoryValuationReconciliation.cs(152,87): warning CS8600: Converting null literal or possible null value to non-nullable type. [<REPOSITORY>\src\ErpSystem.Data\ErpSystem.Data.csproj]
<REPOSITORY>\src\ErpSystem.Data\Migrations\20260802171742_TDC0613InventoryValuationReconciliation.cs(152,107): warning CS8600: Converting null literal or possible null value to non-nullable type. [<REPOSITORY>\src\ErpSystem.Data\ErpSystem.Data.csproj]
<REPOSITORY>\src\ErpSystem.Data\Migrations\20260802171742_TDC0613InventoryValuationReconciliation.cs(152,121): warning CS8600: Converting null literal or possible null value to non-nullable type. [<REPOSITORY>\src\ErpSystem.Data\ErpSystem.Data.csproj]
<REPOSITORY>\src\ErpSystem.Data\Migrations\20260802171742_TDC0613InventoryValuationReconciliation.cs(152,135): warning CS8600: Converting null literal or possible null value to non-nullable type. [<REPOSITORY>\src\ErpSystem.Data\ErpSystem.Data.csproj]
<REPOSITORY>\src\ErpSystem.Data\Migrations\20260802171742_TDC0613InventoryValuationReconciliation.cs(152,162): warning CS8600: Converting null literal or possible null value to non-nullable type. [<REPOSITORY>\src\ErpSystem.Data\ErpSystem.Data.csproj]
<REPOSITORY>\src\ErpSystem.Data\Migrations\20260802171742_TDC0613InventoryValuationReconciliation.cs(152,176): warning CS8600: Converting null literal or possible null value to non-nullable type. [<REPOSITORY>\src\ErpSystem.Data\ErpSystem.Data.csproj]
<REPOSITORY>\src\ErpSystem.Data\Migrations\20260802171742_TDC0613InventoryValuationReconciliation.cs(153,87): warning CS8600: Converting null literal or possible null value to non-nullable type. [<REPOSITORY>\src\ErpSystem.Data\ErpSystem.Data.csproj]
<REPOSITORY>\src\ErpSystem.Data\Migrations\20260802171742_TDC0613InventoryValuationReconciliation.cs(153,107): warning CS8600: Converting null literal or possible null value to non-nullable type. [<REPOSITORY>\src\ErpSystem.Data\ErpSystem.Data.csproj]
<REPOSITORY>\src\ErpSystem.Data\Migrations\20260802171742_TDC0613InventoryValuationReconciliation.cs(153,121): warning CS8600: Converting null literal or possible null value to non-nullable type. [<REPOSITORY>\src\ErpSystem.Data\ErpSystem.Data.csproj]
<REPOSITORY>\src\ErpSystem.Data\Migrations\20260802171742_TDC0613InventoryValuationReconciliation.cs(153,135): warning CS8600: Converting null literal or possible null value to non-nullable type. [<REPOSITORY>\src\ErpSystem.Data\ErpSystem.Data.csproj]
<REPOSITORY>\src\ErpSystem.Data\Migrations\20260802171742_TDC0613InventoryValuationReconciliation.cs(153,162): warning CS8600: Converting null literal or possible null value to non-nullable type. [<REPOSITORY>\src\ErpSystem.Data\ErpSystem.Data.csproj]
<REPOSITORY>\src\ErpSystem.Data\Migrations\20260802171742_TDC0613InventoryValuationReconciliation.cs(153,176): warning CS8600: Converting null literal or possible null value to non-nullable type. [<REPOSITORY>\src\ErpSystem.Data\ErpSystem.Data.csproj]
<REPOSITORY>\src\ErpSystem.Data\Migrations\20260802171742_TDC0613InventoryValuationReconciliation.cs(154,90): warning CS8600: Converting null literal or possible null value to non-nullable type. [<REPOSITORY>\src\ErpSystem.Data\ErpSystem.Data.csproj]
<REPOSITORY>\src\ErpSystem.Data\Migrations\20260802171742_TDC0613InventoryValuationReconciliation.cs(154,110): warning CS8600: Converting null literal or possible null value to non-nullable type. [<REPOSITORY>\src\ErpSystem.Data\ErpSystem.Data.csproj]
<REPOSITORY>\src\ErpSystem.Data\Migrations\20260802171742_TDC0613InventoryValuationReconciliation.cs(154,124): warning CS8600: Converting null literal or possible null value to non-nullable type. [<REPOSITORY>\src\ErpSystem.Data\ErpSystem.Data.csproj]
<REPOSITORY>\src\ErpSystem.Data\Migrations\20260802171742_TDC0613InventoryValuationReconciliation.cs(154,138): warning CS8600: Converting null literal or possible null value to non-nullable type. [<REPOSITORY>\src\ErpSystem.Data\ErpSystem.Data.csproj]
<REPOSITORY>\src\ErpSystem.Data\Migrations\20260802171742_TDC0613InventoryValuationReconciliation.cs(154,165): warning CS8600: Converting null literal or possible null value to non-nullable type. [<REPOSITORY>\src\ErpSystem.Data\ErpSystem.Data.csproj]
<REPOSITORY>\src\ErpSystem.Data\Migrations\20260802171742_TDC0613InventoryValuationReconciliation.cs(154,179): warning CS8600: Converting null literal or possible null value to non-nullable type. [<REPOSITORY>\src\ErpSystem.Data\ErpSystem.Data.csproj]
<REPOSITORY>\src\ErpSystem.Data\Migrations\20260802171742_TDC0613InventoryValuationReconciliation.cs(155,95): warning CS8600: Converting null literal or possible null value to non-nullable type. [<REPOSITORY>\src\ErpSystem.Data\ErpSystem.Data.csproj]
<REPOSITORY>\src\ErpSystem.Data\Migrations\20260802171742_TDC0613InventoryValuationReconciliation.cs(155,115): warning CS8600: Converting null literal or possible null value to non-nullable type. [<REPOSITORY>\src\ErpSystem.Data\ErpSystem.Data.csproj]
<REPOSITORY>\src\ErpSystem.Data\Migrations\20260802171742_TDC0613InventoryValuationReconciliation.cs(155,129): warning CS8600: Converting null literal or possible null value to non-nullable type. [<REPOSITORY>\src\ErpSystem.Data\ErpSystem.Data.csproj]
<REPOSITORY>\src\ErpSystem.Data\Migrations\20260802171742_TDC0613InventoryValuationReconciliation.cs(155,143): warning CS8600: Converting null literal or possible null value to non-nullable type. [<REPOSITORY>\src\ErpSystem.Data\ErpSystem.Data.csproj]
<REPOSITORY>\src\ErpSystem.Data\Migrations\20260802171742_TDC0613InventoryValuationReconciliation.cs(155,170): warning CS8600: Converting null literal or possible null value to non-nullable type. [<REPOSITORY>\src\ErpSystem.Data\ErpSystem.Data.csproj]
<REPOSITORY>\src\ErpSystem.Data\Migrations\20260802171742_TDC0613InventoryValuationReconciliation.cs(155,184): warning CS8600: Converting null literal or possible null value to non-nullable type. [<REPOSITORY>\src\ErpSystem.Data\ErpSystem.Data.csproj]
<REPOSITORY>\src\ErpSystem.Data\Migrations\20260802171742_TDC0613InventoryValuationReconciliation.cs(156,75): warning CS8600: Converting null literal or possible null value to non-nullable type. [<REPOSITORY>\src\ErpSystem.Data\ErpSystem.Data.csproj]
<REPOSITORY>\src\ErpSystem.Data\Migrations\20260802171742_TDC0613InventoryValuationReconciliation.cs(156,96): warning CS8600: Converting null literal or possible null value to non-nullable type. [<REPOSITORY>\src\ErpSystem.Data\ErpSystem.Data.csproj]
<REPOSITORY>\src\ErpSystem.Data\Migrations\20260802171742_TDC0613InventoryValuationReconciliation.cs(156,110): warning CS8600: Converting null literal or possible null value to non-nullable type. [<REPOSITORY>\src\ErpSystem.Data\ErpSystem.Data.csproj]
<REPOSITORY>\src\ErpSystem.Data\Migrations\20260802171742_TDC0613InventoryValuationReconciliation.cs(156,124): warning CS8600: Converting null literal or possible null value to non-nullable type. [<REPOSITORY>\src\ErpSystem.Data\ErpSystem.Data.csproj]
<REPOSITORY>\src\ErpSystem.Data\Migrations\20260802171742_TDC0613InventoryValuationReconciliation.cs(156,151): warning CS8600: Converting null literal or possible null value to non-nullable type. [<REPOSITORY>\src\ErpSystem.Data\ErpSystem.Data.csproj]
<REPOSITORY>\src\ErpSystem.Data\Migrations\20260802171742_TDC0613InventoryValuationReconciliation.cs(156,165): warning CS8600: Converting null literal or possible null value to non-nullable type. [<REPOSITORY>\src\ErpSystem.Data\ErpSystem.Data.csproj]
<REPOSITORY>\src\ErpSystem.Data\Migrations\20260802171742_TDC0613InventoryValuationReconciliation.cs(157,85): warning CS8600: Converting null literal or possible null value to non-nullable type. [<REPOSITORY>\src\ErpSystem.Data\ErpSystem.Data.csproj]
<REPOSITORY>\src\ErpSystem.Data\Migrations\20260802171742_TDC0613InventoryValuationReconciliation.cs(157,105): warning CS8600: Converting null literal or possible null value to non-nullable type. [<REPOSITORY>\src\ErpSystem.Data\ErpSystem.Data.csproj]
<REPOSITORY>\src\ErpSystem.Data\Migrations\20260802171742_TDC0613InventoryValuationReconciliation.cs(157,119): warning CS8600: Converting null literal or possible null value to non-nullable type. [<REPOSITORY>\src\ErpSystem.Data\ErpSystem.Data.csproj]
<REPOSITORY>\src\ErpSystem.Data\Migrations\20260802171742_TDC0613InventoryValuationReconciliation.cs(157,133): warning CS8600: Converting null literal or possible null value to non-nullable type. [<REPOSITORY>\src\ErpSystem.Data\ErpSystem.Data.csproj]
<REPOSITORY>\src\ErpSystem.Data\Migrations\20260802171742_TDC0613InventoryValuationReconciliation.cs(157,160): warning CS8600: Converting null literal or possible null value to non-nullable type. [<REPOSITORY>\src\ErpSystem.Data\ErpSystem.Data.csproj]
<REPOSITORY>\src\ErpSystem.Data\Migrations\20260802171742_TDC0613InventoryValuationReconciliation.cs(157,174): warning CS8600: Converting null literal or possible null value to non-nullable type. [<REPOSITORY>\src\ErpSystem.Data\ErpSystem.Data.csproj]
<REPOSITORY>\src\ErpSystem.Data\Migrations\20260802171742_TDC0613InventoryValuationReconciliation.cs(158,87): warning CS8600: Converting null literal or possible null value to non-nullable type. [<REPOSITORY>\src\ErpSystem.Data\ErpSystem.Data.csproj]
<REPOSITORY>\src\ErpSystem.Data\Migrations\20260802171742_TDC0613InventoryValuationReconciliation.cs(158,107): warning CS8600: Converting null literal or possible null value to non-nullable type. [<REPOSITORY>\src\ErpSystem.Data\ErpSystem.Data.csproj]
<REPOSITORY>\src\ErpSystem.Data\Migrations\20260802171742_TDC0613InventoryValuationReconciliation.cs(158,121): warning CS8600: Converting null literal or possible null value to non-nullable type. [<REPOSITORY>\src\ErpSystem.Data\ErpSystem.Data.csproj]
<REPOSITORY>\src\ErpSystem.Data\Migrations\20260802171742_TDC0613InventoryValuationReconciliation.cs(158,135): warning CS8600: Converting null literal or possible null value to non-nullable type. [<REPOSITORY>\src\ErpSystem.Data\ErpSystem.Data.csproj]
<REPOSITORY>\src\ErpSystem.Data\Migrations\20260802171742_TDC0613InventoryValuationReconciliation.cs(158,162): warning CS8600: Converting null literal or possible null value to non-nullable type. [<REPOSITORY>\src\ErpSystem.Data\ErpSystem.Data.csproj]
<REPOSITORY>\src\ErpSystem.Data\Migrations\20260802171742_TDC0613InventoryValuationReconciliation.cs(158,176): warning CS8600: Converting null literal or possible null value to non-nullable type. [<REPOSITORY>\src\ErpSystem.Data\ErpSystem.Data.csproj]
<REPOSITORY>\src\ErpSystem.Data\Migrations\20260802171742_TDC0613InventoryValuationReconciliation.cs(159,87): warning CS8600: Converting null literal or possible null value to non-nullable type. [<REPOSITORY>\src\ErpSystem.Data\ErpSystem.Data.csproj]
<REPOSITORY>\src\ErpSystem.Data\Migrations\20260802171742_TDC0613InventoryValuationReconciliation.cs(159,108): warning CS8600: Converting null literal or possible null value to non-nullable type. [<REPOSITORY>\src\ErpSystem.Data\ErpSystem.Data.csproj]
<REPOSITORY>\src\ErpSystem.Data\Migrations\20260802171742_TDC0613InventoryValuationReconciliation.cs(159,122): warning CS8600: Converting null literal or possible null value to non-nullable type. [<REPOSITORY>\src\ErpSystem.Data\ErpSystem.Data.csproj]
<REPOSITORY>\src\ErpSystem.Data\Migrations\20260802171742_TDC0613InventoryValuationReconciliation.cs(159,136): warning CS8600: Converting null literal or possible null value to non-nullable type. [<REPOSITORY>\src\ErpSystem.Data\ErpSystem.Data.csproj]
<REPOSITORY>\src\ErpSystem.Data\Migrations\20260802171742_TDC0613InventoryValuationReconciliation.cs(159,163): warning CS8600: Converting null literal or possible null value to non-nullable type. [<REPOSITORY>\src\ErpSystem.Data\ErpSystem.Data.csproj]
<REPOSITORY>\src\ErpSystem.Data\Migrations\20260802171742_TDC0613InventoryValuationReconciliation.cs(159,177): warning CS8600: Converting null literal or possible null value to non-nullable type. [<REPOSITORY>\src\ErpSystem.Data\ErpSystem.Data.csproj]
<REPOSITORY>\src\ErpSystem.Data\Migrations\20260802171742_TDC0613InventoryValuationReconciliation.cs(166,194): warning CS8600: Converting null literal or possible null value to non-nullable type. [<REPOSITORY>\src\ErpSystem.Data\ErpSystem.Data.csproj]
<REPOSITORY>\src\ErpSystem.Data\Migrations\20260802171742_TDC0613InventoryValuationReconciliation.cs(167,126): warning CS8600: Converting null literal or possible null value to non-nullable type. [<REPOSITORY>\src\ErpSystem.Data\ErpSystem.Data.csproj]
<REPOSITORY>\src\ErpSystem.Data\Migrations\20260802171742_TDC0613InventoryValuationReconciliation.cs(169,158): warning CS8600: Converting null literal or possible null value to non-nullable type. [<REPOSITORY>\src\ErpSystem.Data\ErpSystem.Data.csproj]
<REPOSITORY>\src\ErpSystem.Data\Migrations\20260802171742_TDC0613InventoryValuationReconciliation.cs(169,179): warning CS8600: Converting null literal or possible null value to non-nullable type. [<REPOSITORY>\src\ErpSystem.Data\ErpSystem.Data.csproj]
<REPOSITORY>\src\ErpSystem.Data\Migrations\20260802171742_TDC0613InventoryValuationReconciliation.cs(169,193): warning CS8600: Converting null literal or possible null value to non-nullable type. [<REPOSITORY>\src\ErpSystem.Data\ErpSystem.Data.csproj]
<REPOSITORY>\src\ErpSystem.Data\Migrations\20260802171742_TDC0613InventoryValuationReconciliation.cs(170,230): warning CS8600: Converting null literal or possible null value to non-nullable type. [<REPOSITORY>\src\ErpSystem.Data\ErpSystem.Data.csproj]
<REPOSITORY>\src\ErpSystem.Data\Migrations\20260802171742_TDC0613InventoryValuationReconciliation.cs(170,250): warning CS8600: Converting null literal or possible null value to non-nullable type. [<REPOSITORY>\src\ErpSystem.Data\ErpSystem.Data.csproj]
<REPOSITORY>\src\ErpSystem.Data\Migrations\20260802171742_TDC0613InventoryValuationReconciliation.cs(170,264): warning CS8600: Converting null literal or possible null value to non-nullable type. [<REPOSITORY>\src\ErpSystem.Data\ErpSystem.Data.csproj]
<REPOSITORY>\src\ErpSystem.Data\Migrations\20260802171742_TDC0613InventoryValuationReconciliation.cs(171,218): warning CS8600: Converting null literal or possible null value to non-nullable type. [<REPOSITORY>\src\ErpSystem.Data\ErpSystem.Data.csproj]
<REPOSITORY>\src\ErpSystem.Data\Migrations\20260802171742_TDC0613InventoryValuationReconciliation.cs(171,238): warning CS8600: Converting null literal or possible null value to non-nullable type. [<REPOSITORY>\src\ErpSystem.Data\ErpSystem.Data.csproj]
<REPOSITORY>\src\ErpSystem.Data\Migrations\20260802171742_TDC0613InventoryValuationReconciliation.cs(171,252): warning CS8600: Converting null literal or possible null value to non-nullable type. [<REPOSITORY>\src\ErpSystem.Data\ErpSystem.Data.csproj]
<REPOSITORY>\src\ErpSystem.Data\Migrations\20260802171742_TDC0613InventoryValuationReconciliation.cs(172,142): warning CS8600: Converting null literal or possible null value to non-nullable type. [<REPOSITORY>\src\ErpSystem.Data\ErpSystem.Data.csproj]
<REPOSITORY>\src\ErpSystem.Data\Migrations\20260802171742_TDC0613InventoryValuationReconciliation.cs(172,163): warning CS8600: Converting null literal or possible null value to non-nullable type. [<REPOSITORY>\src\ErpSystem.Data\ErpSystem.Data.csproj]
<REPOSITORY>\src\ErpSystem.Data\Migrations\20260802171742_TDC0613InventoryValuationReconciliation.cs(172,177): warning CS8600: Converting null literal or possible null value to non-nullable type. [<REPOSITORY>\src\ErpSystem.Data\ErpSystem.Data.csproj]
<REPOSITORY>\src\ErpSystem.Data\Migrations\20260802171742_TDC0613InventoryValuationReconciliation.cs(173,164): warning CS8600: Converting null literal or possible null value to non-nullable type. [<REPOSITORY>\src\ErpSystem.Data\ErpSystem.Data.csproj]
<REPOSITORY>\src\ErpSystem.Data\Migrations\20260802171742_TDC0613InventoryValuationReconciliation.cs(173,185): warning CS8600: Converting null literal or possible null value to non-nullable type. [<REPOSITORY>\src\ErpSystem.Data\ErpSystem.Data.csproj]
<REPOSITORY>\src\ErpSystem.Data\Migrations\20260802171742_TDC0613InventoryValuationReconciliation.cs(173,199): warning CS8600: Converting null literal or possible null value to non-nullable type. [<REPOSITORY>\src\ErpSystem.Data\ErpSystem.Data.csproj]
<REPOSITORY>\src\ErpSystem.Data\Migrations\20260802171742_TDC0613InventoryValuationReconciliation.cs(174,150): warning CS8600: Converting null literal or possible null value to non-nullable type. [<REPOSITORY>\src\ErpSystem.Data\ErpSystem.Data.csproj]
<REPOSITORY>\src\ErpSystem.Data\Migrations\20260802171742_TDC0613InventoryValuationReconciliation.cs(174,171): warning CS8600: Converting null literal or possible null value to non-nullable type. [<REPOSITORY>\src\ErpSystem.Data\ErpSystem.Data.csproj]
<REPOSITORY>\src\ErpSystem.Data\Migrations\20260802171742_TDC0613InventoryValuationReconciliation.cs(174,185): warning CS8600: Converting null literal or possible null value to non-nullable type. [<REPOSITORY>\src\ErpSystem.Data\ErpSystem.Data.csproj]
<REPOSITORY>\src\ErpSystem.Data\Migrations\20260802171742_TDC0613InventoryValuationReconciliation.cs(175,214): warning CS8600: Converting null literal or possible null value to non-nullable type. [<REPOSITORY>\src\ErpSystem.Data\ErpSystem.Data.csproj]
<REPOSITORY>\src\ErpSystem.Data\Migrations\20260802171742_TDC0613InventoryValuationReconciliation.cs(175,235): warning CS8600: Converting null literal or possible null value to non-nullable type. [<REPOSITORY>\src\ErpSystem.Data\ErpSystem.Data.csproj]
<REPOSITORY>\src\ErpSystem.Data\Migrations\20260802171742_TDC0613InventoryValuationReconciliation.cs(175,249): warning CS8600: Converting null literal or possible null value to non-nullable type. [<REPOSITORY>\src\ErpSystem.Data\ErpSystem.Data.csproj]
<REPOSITORY>\src\ErpSystem.Data\Migrations\20260802171742_TDC0613InventoryValuationReconciliation.cs(176,214): warning CS8600: Converting null literal or possible null value to non-nullable type. [<REPOSITORY>\src\ErpSystem.Data\ErpSystem.Data.csproj]
<REPOSITORY>\src\ErpSystem.Data\Migrations\20260802171742_TDC0613InventoryValuationReconciliation.cs(176,234): warning CS8600: Converting null literal or possible null value to non-nullable type. [<REPOSITORY>\src\ErpSystem.Data\ErpSystem.Data.csproj]
<REPOSITORY>\src\ErpSystem.Data\Migrations\20260802171742_TDC0613InventoryValuationReconciliation.cs(176,248): warning CS8600: Converting null literal or possible null value to non-nullable type. [<REPOSITORY>\src\ErpSystem.Data\ErpSystem.Data.csproj]
<REPOSITORY>\src\ErpSystem.Data\Migrations\20260802171742_TDC0613InventoryValuationReconciliation.cs(177,193): warning CS8600: Converting null literal or possible null value to non-nullable type. [<REPOSITORY>\src\ErpSystem.Data\ErpSystem.Data.csproj]
<REPOSITORY>\src\ErpSystem.Data\Migrations\20260802171742_TDC0613InventoryValuationReconciliation.cs(177,213): warning CS8600: Converting null literal or possible null value to non-nullable type. [<REPOSITORY>\src\ErpSystem.Data\ErpSystem.Data.csproj]
<REPOSITORY>\src\ErpSystem.Data\Migrations\20260802171742_TDC0613InventoryValuationReconciliation.cs(177,227): warning CS8600: Converting null literal or possible null value to non-nullable type. [<REPOSITORY>\src\ErpSystem.Data\ErpSystem.Data.csproj]
<REPOSITORY>\src\ErpSystem.Data\Migrations\20260802171742_TDC0613InventoryValuationReconciliation.cs(186,73): warning CS8600: Converting null literal or possible null value to non-nullable type. [<REPOSITORY>\src\ErpSystem.Data\ErpSystem.Data.csproj]
<REPOSITORY>\src\ErpSystem.Data\Migrations\20260802171742_TDC0613InventoryValuationReconciliation.cs(187,67): warning CS8600: Converting null literal or possible null value to non-nullable type. [<REPOSITORY>\src\ErpSystem.Data\ErpSystem.Data.csproj]
<REPOSITORY>\src\ErpSystem.Data\ApplicationDbContext.cs(3125,13): warning CS0618: 'RelationalEntityTypeBuilderExtensions.HasCheckConstraint<TEntity>(EntityTypeBuilder<TEntity>, string, string?)' is obsolete: 'Configure this using ToTable(t => t.HasCheckConstraint()) instead.' [<REPOSITORY>\src\ErpSystem.Data\ErpSystem.Data.csproj]
<REPOSITORY>\src\ErpSystem.Data\ApplicationDbContext.cs(3127,13): warning CS0618: 'RelationalEntityTypeBuilderExtensions.HasCheckConstraint<TEntity>(EntityTypeBuilder<TEntity>, string, string?)' is obsolete: 'Configure this using ToTable(t => t.HasCheckConstraint()) instead.' [<REPOSITORY>\src\ErpSystem.Data\ErpSystem.Data.csproj]
<REPOSITORY>\src\ErpSystem.Data\ApplicationDbContext.cs(3182,13): warning CS0618: 'RelationalEntityTypeBuilderExtensions.HasCheckConstraint<TEntity>(EntityTypeBuilder<TEntity>, string, string?)' is obsolete: 'Configure this using ToTable(t => t.HasCheckConstraint()) instead.' [<REPOSITORY>\src\ErpSystem.Data\ErpSystem.Data.csproj]
<REPOSITORY>\src\ErpSystem.Data\ApplicationDbContext.cs(3279,13): warning CS0618: 'RelationalEntityTypeBuilderExtensions.HasCheckConstraint<TEntity>(EntityTypeBuilder<TEntity>, string, string?)' is obsolete: 'Configure this using ToTable(t => t.HasCheckConstraint()) instead.' [<REPOSITORY>\src\ErpSystem.Data\ErpSystem.Data.csproj]
<REPOSITORY>\src\ErpSystem.Data\ApplicationDbContext.cs(3295,13): warning CS0618: 'RelationalEntityTypeBuilderExtensions.HasCheckConstraint<TEntity>(EntityTypeBuilder<TEntity>, string, string?)' is obsolete: 'Configure this using ToTable(t => t.HasCheckConstraint()) instead.' [<REPOSITORY>\src\ErpSystem.Data\ErpSystem.Data.csproj]
<REPOSITORY>\src\ErpSystem.Data\ApplicationDbContext.cs(3315,13): warning CS0618: 'RelationalEntityTypeBuilderExtensions.HasCheckConstraint<TEntity>(EntityTypeBuilder<TEntity>, string, string?)' is obsolete: 'Configure this using ToTable(t => t.HasCheckConstraint()) instead.' [<REPOSITORY>\src\ErpSystem.Data\ErpSystem.Data.csproj]
<REPOSITORY>\src\ErpSystem.Data\UnitOfWork.cs(19,18): warning CS0414: The field 'UnitOfWork._useExecutionStrategy' is assigned but its value is never used [<REPOSITORY>\src\ErpSystem.Data\ErpSystem.Data.csproj]
<REPOSITORY>\src\ErpSystem.Data\Repositories\GenericRepository.cs(244,37): warning EF1002: Method 'ExecuteSqlRawAsync' inserts interpolated strings directly into the SQL, without any protection against SQL injection. Consider using 'ExecuteSqlAsync' instead, which protects against SQL injection, or make sure that the value is sanitized and suppress the warning. [<REPOSITORY>\src\ErpSystem.Data\ErpSystem.Data.csproj]
<REPOSITORY>\src\ErpSystem.Data\Repositories\GenericRepository.cs(258,37): warning EF1002: Method 'ExecuteSqlRawAsync' inserts interpolated strings directly into the SQL, without any protection against SQL injection. Consider using 'ExecuteSqlAsync' instead, which protects against SQL injection, or make sure that the value is sanitized and suppress the warning. [<REPOSITORY>\src\ErpSystem.Data\ErpSystem.Data.csproj]
<REPOSITORY>\src\ErpSystem.Api\Services\Finance\GL\ExternalFinancePostingAdapter.cs(38,9): warning CS0618: 'FinanceExternalPostingEnvelopeDto' is obsolete: 'Use FinanceExternalPostingEnvelopeV2Dto with AccountingBookCode.' [<REPOSITORY>\src\ErpSystem.Api\ErpSystem.Api.csproj]
<REPOSITORY>\src\ErpSystem.Api\Services\Finance\GL\ExternalFinancePostingAdapter.cs(54,9): warning CS0618: 'FinanceExternalPostingEnvelopeDto' is obsolete: 'Use FinanceExternalPostingEnvelopeV2Dto with AccountingBookCode.' [<REPOSITORY>\src\ErpSystem.Api\ErpSystem.Api.csproj]
<REPOSITORY>\src\ErpSystem.Api\Services\Finance\GL\FinancePostingEngine.cs(43,9): warning CS0618: 'FinancePostingRequestDto' is obsolete: 'Use FinancePostingRequestV2Dto with AccountingBookCode.' [<REPOSITORY>\src\ErpSystem.Api\ErpSystem.Api.csproj]
<REPOSITORY>\src\ErpSystem.Api\Services\Finance\GL\FinancePostingEngine.cs(48,9): warning CS0618: 'FinancePostingRequestDto' is obsolete: 'Use FinancePostingRequestV2Dto with AccountingBookCode.' [<REPOSITORY>\src\ErpSystem.Api\ErpSystem.Api.csproj]
<REPOSITORY>\src\ErpSystem.Api\Controllers\HR\LeaveEncashmentsController.cs(61,57): warning CS0108: 'LeaveEncashmentsController.Request(CreateLeaveEncashmentDto)' hides inherited member 'ControllerBase.Request'. Use the new keyword if hiding was intended. [<REPOSITORY>\src\ErpSystem.Api\ErpSystem.Api.csproj]
<REPOSITORY>\src\ErpSystem.Api\Mapping\HRMappingProfile.cs(13,83): warning CS8602: Dereference of a possibly null reference. [<REPOSITORY>\src\ErpSystem.Api\ErpSystem.Api.csproj]
<REPOSITORY>\src\ErpSystem.Api\Mapping\HRMappingProfile.cs(19,83): warning CS8602: Dereference of a possibly null reference. [<REPOSITORY>\src\ErpSystem.Api\ErpSystem.Api.csproj]
<REPOSITORY>\src\ErpSystem.Api\Controllers\WorkflowController.cs(783,38): warning CS8601: Possible null reference assignment. [<REPOSITORY>\src\ErpSystem.Api\ErpSystem.Api.csproj]
<REPOSITORY>\src\ErpSystem.Api\Services\Inventory\InventoryDisposalService.cs(641,45): warning CS0618: 'FinancePostingRequestDto' is obsolete: 'Use FinancePostingRequestV2Dto with AccountingBookCode.' [<REPOSITORY>\src\ErpSystem.Api\ErpSystem.Api.csproj]
<REPOSITORY>\src\ErpSystem.Api\Services\Finance\FixedAssets\AssetDisposalService.cs(2571,16): warning CS8603: Possible null reference return. [<REPOSITORY>\src\ErpSystem.Api\ErpSystem.Api.csproj]
<REPOSITORY>\src\ErpSystem.Api\Services\QualityCertificateService.cs(39,40): warning CS8602: Dereference of a possibly null reference. [<REPOSITORY>\src\ErpSystem.Api\ErpSystem.Api.csproj]
<REPOSITORY>\src\ErpSystem.Api\Services\HR\HrLegacyFileMigrationService.cs(381,31): warning CS8601: Possible null reference assignment. [<REPOSITORY>\src\ErpSystem.Api\ErpSystem.Api.csproj]
<REPOSITORY>\src\ErpSystem.Api\Services\SimpleWorkflowService.cs(1053,29): warning CS8603: Possible null reference return. [<REPOSITORY>\src\ErpSystem.Api\ErpSystem.Api.csproj]
<REPOSITORY>\src\ErpSystem.Api\Services\SimpleWorkflowService.cs(1157,92): warning CS8603: Possible null reference return. [<REPOSITORY>\src\ErpSystem.Api\ErpSystem.Api.csproj]
<REPOSITORY>\src\ErpSystem.Api\Services\SimpleWorkflowService.cs(2068,70): warning CS8603: Possible null reference return. [<REPOSITORY>\src\ErpSystem.Api\ErpSystem.Api.csproj]
<REPOSITORY>\src\ErpSystem.Api\Services\HR\PayrollService.cs(5012,34): warning CS8629: Nullable value type may be null. [<REPOSITORY>\src\ErpSystem.Api\ErpSystem.Api.csproj]
<REPOSITORY>\src\ErpSystem.Api\Services\HR\PayrollService.cs(5660,25): warning CS8601: Possible null reference assignment. [<REPOSITORY>\src\ErpSystem.Api\ErpSystem.Api.csproj]
<REPOSITORY>\src\ErpSystem.Api\Controllers\RoleController.cs(279,29): warning CS8602: Dereference of a possibly null reference. [<REPOSITORY>\src\ErpSystem.Api\ErpSystem.Api.csproj]
<REPOSITORY>\src\ErpSystem.Api\Controllers\FileUploadController.cs(100,31): warning CS8601: Possible null reference assignment. [<REPOSITORY>\src\ErpSystem.Api\ErpSystem.Api.csproj]
<REPOSITORY>\src\ErpSystem.Api\Controllers\EmployeesController.cs(104,26): warning CS8603: Possible null reference return. [<REPOSITORY>\src\ErpSystem.Api\ErpSystem.Api.csproj]
<REPOSITORY>\src\ErpSystem.Api\Controllers\EmployeesController.cs(227,26): warning CS8603: Possible null reference return. [<REPOSITORY>\src\ErpSystem.Api\ErpSystem.Api.csproj]
<REPOSITORY>\src\ErpSystem.Api\Controllers\EmployeesController.cs(273,26): warning CS8603: Possible null reference return. [<REPOSITORY>\src\ErpSystem.Api\ErpSystem.Api.csproj]
<REPOSITORY>\src\ErpSystem.Api\Controllers\Maintenance\ResourceAllocationController.cs(280,43): warning CS1998: This async method lacks 'await' operators and will run synchronously. Consider using the 'await' operator to await non-blocking API calls, or 'await Task.Run(...)' to do CPU-bound work on a background thread. [<REPOSITORY>\src\ErpSystem.Api\ErpSystem.Api.csproj]
<REPOSITORY>\src\ErpSystem.Api\Controllers\Maintenance\ResourceAllocationController.cs(318,43): warning CS1998: This async method lacks 'await' operators and will run synchronously. Consider using the 'await' operator to await non-blocking API calls, or 'await Task.Run(...)' to do CPU-bound work on a background thread. [<REPOSITORY>\src\ErpSystem.Api\ErpSystem.Api.csproj]
<REPOSITORY>\src\ErpSystem.Api\Controllers\Inventory\StockMovementsController.cs(266,65): warning CS8073: The result of the expression is always 'true' since a value of type 'Guid' is never equal to 'null' of type 'Guid?' [<REPOSITORY>\src\ErpSystem.Api\ErpSystem.Api.csproj]
<REPOSITORY>\src\ErpSystem.Api\Controllers\Inventory\StockMovementsController.cs(269,33): warning CS8073: The result of the expression is always 'true' since a value of type 'Guid' is never equal to 'null' of type 'Guid?' [<REPOSITORY>\src\ErpSystem.Api\ErpSystem.Api.csproj]
<REPOSITORY>\src\ErpSystem.Api\Controllers\Inventory\PhysicalCountsController.cs(441,35): warning CS8601: Possible null reference assignment. [<REPOSITORY>\src\ErpSystem.Api\ErpSystem.Api.csproj]
<REPOSITORY>\src\ErpSystem.Api\Controllers\Inventory\PhysicalCountsController.cs(546,31): warning CS8601: Possible null reference assignment. [<REPOSITORY>\src\ErpSystem.Api\ErpSystem.Api.csproj]
<REPOSITORY>\src\ErpSystem.Api\Controllers\HR\PerformanceJournalController.cs(43,44): warning CS0168: The variable 'ex' is declared but never used [<REPOSITORY>\src\ErpSystem.Api\ErpSystem.Api.csproj]
<REPOSITORY>\src\ErpSystem.Api\Controllers\HR\PerformanceAppraisalsController.cs(1486,44): warning CS0168: The variable 'ex' is declared but never used [<REPOSITORY>\src\ErpSystem.Api\ErpSystem.Api.csproj]
<REPOSITORY>\src\ErpSystem.Api\Controllers\HR\LeavePlansController.cs(106,44): warning CS0168: The variable 'ex' is declared but never used [<REPOSITORY>\src\ErpSystem.Api\ErpSystem.Api.csproj]
<REPOSITORY>\src\ErpSystem.Api\Controllers\HR\LeavePlansController.cs(119,44): warning CS0168: The variable 'ex' is declared but never used [<REPOSITORY>\src\ErpSystem.Api\ErpSystem.Api.csproj]
    586 Warning(s)
    0 Error(s)

Time Elapsed 00:03:41.32
